{
  "parent": "minecraft:item/generated",
  "textures": {
    "layer0": "minecraft:item/ink_sac"
  },
  "overrides": [
    {
      "predicate": {
        "custom_model_data": 1
      },
      "model": "littleroom_owlbear:owlbearcub_icon"
    },
    {
      "predicate": {
        "custom_model_data": 13370021
      },
      "model": "littleroom_eldric:spark"
    },
    {
      "predicate": {
        "custom_model_data": 13370100
      },
      "model": "littleroom_xarnoth:xarnoth_laser"
    }
  ]
}
