{"overrides":[{"predicate":{"custom_model_data":1},"model":"modelengine:xarnoth_swipes/swipe_fx"},{"predicate":{"custom_model_data":2},"model":"modelengine:eldric_slam_fx/hexadecagon"},{"predicate":{"custom_model_data":3},"model":"modelengine:xarnoth_ground_fx/fx_2"},{"predicate":{"custom_model_data":4},"model":"modelengine:eldric_lava_spike/ground_shard_2"},{"predicate":{"custom_model_data":5},"model":"modelengine:eldric_scrapmetal/anvil_piece"},{"predicate":{"custom_model_data":6},"model":"modelengine:eldric_lava_spike/lava_shard"},{"predicate":{"custom_model_data":7},"model":"modelengine:eldric_lava_spike/ground_shard_3"},{"predicate":{"custom_model_data":8},"model":"modelengine:eldric_lava_spike/ground_shard_1"},{"predicate":{"custom_model_data":9},"model":"modelengine:eldric_lava_spike/ground_shard_4"},{"predicate":{"custom_model_data":10},"model":"modelengine:eldric_lava_spike/groundcrack"},{"predicate":{"custom_model_data":11},"model":"modelengine:eldric_anvil/anvil"},{"predicate":{"custom_model_data":12},"model":"modelengine:lr_owlbear_parts/adulthead"},{"predicate":{"custom_model_data":13},"model":"modelengine:lr_owlbear_parts/cubhead"},{"predicate":{"custom_model_data":14},"model":"modelengine:xarnoth_swipes/swipe_fx2"},{"predicate":{"custom_model_data":15},"model":"modelengine:xarnoth_ground_fx/fx_1"},{"predicate":{"custom_model_data":16},"model":"modelengine:xarnoth_ground_fx/ground"},{"predicate":{"custom_model_data":17},"model":"modelengine:xarnoth_ground_fx/fx_3"},{"predicate":{"custom_model_data":18},"model":"modelengine:eldric_megahit_fx/fx_3"},{"predicate":{"custom_model_data":19},"model":"modelengine:eldric_megahit_fx/fx_4"},{"predicate":{"custom_model_data":20},"model":"modelengine:eldric_megahit_fx/fx_2"},{"predicate":{"custom_model_data":21},"model":"modelengine:eldric_megahit_fx/fx_1"},{"predicate":{"custom_model_data":22},"model":"modelengine:lr_owlbear_cub/waist"},{"predicate":{"custom_model_data":23},"model":"modelengine:lr_owlbear_cub/left_back_thigh"},{"predicate":{"custom_model_data":24},"model":"modelengine:lr_owlbear_cub/right_back_thigh"},{"predicate":{"custom_model_data":25},"model":"modelengine:lr_owlbear_cub/tail"},{"predicate":{"custom_model_data":26},"model":"modelengine:lr_owlbear_cub/chest"},{"predicate":{"custom_model_data":27},"model":"modelengine:lr_owlbear_cub/left_back_shin"},{"predicate":{"custom_model_data":28},"model":"modelengine:lr_owlbear_cub/right_back_shin"},{"predicate":{"custom_model_data":29},"model":"modelengine:lr_owlbear_cub/right_front_thigh"},{"predicate":{"custom_model_data":30},"model":"modelengine:lr_owlbear_cub/head"},{"predicate":{"custom_model_data":31},"model":"modelengine:lr_owlbear_cub/left_front_thigh"},{"predicate":{"custom_model_data":32},"model":"modelengine:lr_owlbear_cub/left_back_foot"},{"predicate":{"custom_model_data":33},"model":"modelengine:lr_owlbear_cub/right_back_foot"},{"predicate":{"custom_model_data":34},"model":"modelengine:lr_owlbear_cub/right_front_shin"},{"predicate":{"custom_model_data":35},"model":"modelengine:lr_owlbear_cub/left_eyebrow"},{"predicate":{"custom_model_data":36},"model":"modelengine:lr_owlbear_cub/right_eyebrow"},{"predicate":{"custom_model_data":37},"model":"modelengine:lr_owlbear_cub/left_front_shin"},{"predicate":{"custom_model_data":38},"model":"modelengine:lr_owlbear_cub/right_front_foot"},{"predicate":{"custom_model_data":39},"model":"modelengine:lr_owlbear_cub/left_front_foot"},{"predicate":{"custom_model_data":40},"model":"modelengine:lr_owlbear/waist"},{"predicate":{"custom_model_data":41},"model":"modelengine:lr_owlbear/belly"},{"predicate":{"custom_model_data":42},"model":"modelengine:lr_owlbear/right_thigh"},{"predicate":{"custom_model_data":43},"model":"modelengine:lr_owlbear/tail_feather"},{"predicate":{"custom_model_data":44},"model":"modelengine:lr_owlbear/left_thigh"},{"predicate":{"custom_model_data":45},"model":"modelengine:lr_owlbear/slash_3"},{"predicate":{"custom_model_data":46},"model":"modelengine:lr_owlbear/slash_2"},{"predicate":{"custom_model_data":47},"model":"modelengine:lr_owlbear/slash_1"},{"predicate":{"custom_model_data":48},"model":"modelengine:lr_owlbear/bottom_teeth"},{"predicate":{"custom_model_data":49},"model":"modelengine:lr_owlbear/top_teeth"},{"predicate":{"custom_model_data":50},"model":"modelengine:lr_owlbear/chest"},{"predicate":{"custom_model_data":51},"model":"modelengine:lr_owlbear/right_shin"},{"predicate":{"custom_model_data":52},"model":"modelengine:lr_owlbear/left_shin"},{"predicate":{"custom_model_data":53},"model":"modelengine:lr_owlbear/right_shoulder_feathers"},{"predicate":{"custom_model_data":54},"model":"modelengine:lr_owlbear/left_shoulder_feathers"},{"predicate":{"custom_model_data":55},"model":"modelengine:lr_owlbear/head"},{"predicate":{"custom_model_data":56},"model":"modelengine:lr_owlbear/left_bicep"},{"predicate":{"custom_model_data":57},"model":"modelengine:lr_owlbear/right_bicep"},{"predicate":{"custom_model_data":58},"model":"modelengine:lr_owlbear/right_foot"},{"predicate":{"custom_model_data":59},"model":"modelengine:lr_owlbear/left_foot"},{"predicate":{"custom_model_data":60},"model":"modelengine:lr_owlbear/beak"},{"predicate":{"custom_model_data":61},"model":"modelengine:lr_owlbear/jowl"},{"predicate":{"custom_model_data":62},"model":"modelengine:lr_owlbear/right_brow"},{"predicate":{"custom_model_data":63},"model":"modelengine:lr_owlbear/left_brow"},{"predicate":{"custom_model_data":64},"model":"modelengine:lr_owlbear/left_bicep_feathers"},{"predicate":{"custom_model_data":65},"model":"modelengine:lr_owlbear/left_forearm"},{"predicate":{"custom_model_data":66},"model":"modelengine:lr_owlbear/right_bicep_feathers"},{"predicate":{"custom_model_data":67},"model":"modelengine:lr_owlbear/right_forearm"},{"predicate":{"custom_model_data":68},"model":"modelengine:lr_owlbear/jaw"},{"predicate":{"custom_model_data":69},"model":"modelengine:lr_owlbear/left_paw"},{"predicate":{"custom_model_data":70},"model":"modelengine:lr_owlbear/right_paw"},{"predicate":{"custom_model_data":71},"model":"modelengine:lr_owlbear/left_claw_3"},{"predicate":{"custom_model_data":72},"model":"modelengine:lr_owlbear/left_claw_5"},{"predicate":{"custom_model_data":73},"model":"modelengine:lr_owlbear/left_claw_2"},{"predicate":{"custom_model_data":74},"model":"modelengine:lr_owlbear/left_claw_1"},{"predicate":{"custom_model_data":75},"model":"modelengine:lr_owlbear/left_claw_4"},{"predicate":{"custom_model_data":76},"model":"modelengine:lr_owlbear/right_claw_3"},{"predicate":{"custom_model_data":77},"model":"modelengine:lr_owlbear/right_claw_5"},{"predicate":{"custom_model_data":78},"model":"modelengine:lr_owlbear/right_claw_2"},{"predicate":{"custom_model_data":79},"model":"modelengine:lr_owlbear/right_claw_1"},{"predicate":{"custom_model_data":80},"model":"modelengine:lr_owlbear/right_claw_4"},{"predicate":{"custom_model_data":81},"model":"modelengine:eldric/body"},{"predicate":{"custom_model_data":82},"model":"modelengine:eldric/bicep_right"},{"predicate":{"custom_model_data":83},"model":"modelengine:eldric/leg_left"},{"predicate":{"custom_model_data":84},"model":"modelengine:eldric/head"},{"predicate":{"custom_model_data":85},"model":"modelengine:eldric/bicep_left"},{"predicate":{"custom_model_data":86},"model":"modelengine:eldric/leg_right"},{"predicate":{"custom_model_data":87},"model":"modelengine:eldric/forearm_right"},{"predicate":{"custom_model_data":88},"model":"modelengine:eldric/foot_left"},{"predicate":{"custom_model_data":89},"model":"modelengine:eldric/eyebrow_left"},{"predicate":{"custom_model_data":90},"model":"modelengine:eldric/eyebrow_right"},{"predicate":{"custom_model_data":91},"model":"modelengine:eldric/jaw"},{"predicate":{"custom_model_data":92},"model":"modelengine:eldric/forearm_left"},{"predicate":{"custom_model_data":93},"model":"modelengine:eldric/foot_right"},{"predicate":{"custom_model_data":94},"model":"modelengine:eldric/chain_18"},{"predicate":{"custom_model_data":95},"model":"modelengine:eldric/chain_25"},{"predicate":{"custom_model_data":96},"model":"modelengine:eldric/chain_17"},{"predicate":{"custom_model_data":97},"model":"modelengine:eldric/chain_15"},{"predicate":{"custom_model_data":98},"model":"modelengine:eldric/chain_21"},{"predicate":{"custom_model_data":99},"model":"modelengine:eldric/chain_16"},{"predicate":{"custom_model_data":100},"model":"modelengine:eldric/chain_22"},{"predicate":{"custom_model_data":101},"model":"modelengine:eldric/chain_24"},{"predicate":{"custom_model_data":102},"model":"modelengine:eldric/chain_23"},{"predicate":{"custom_model_data":103},"model":"modelengine:eldric/chain_19"},{"predicate":{"custom_model_data":104},"model":"modelengine:eldric/chain_20"},{"predicate":{"custom_model_data":105},"model":"modelengine:eldric/chain_14"},{"predicate":{"custom_model_data":106},"model":"modelengine:eldric/hammer"},{"predicate":{"custom_model_data":107},"model":"modelengine:eldric/fingers_right"},{"predicate":{"custom_model_data":108},"model":"modelengine:eldric/chain_38"},{"predicate":{"custom_model_data":109},"model":"modelengine:eldric/chain_44"},{"predicate":{"custom_model_data":110},"model":"modelengine:eldric/chain_39"},{"predicate":{"custom_model_data":111},"model":"modelengine:eldric/chain_43"},{"predicate":{"custom_model_data":112},"model":"modelengine:eldric/chain_45"},{"predicate":{"custom_model_data":113},"model":"modelengine:eldric/chain_48"},{"predicate":{"custom_model_data":114},"model":"modelengine:eldric/chain_40"},{"predicate":{"custom_model_data":115},"model":"modelengine:eldric/chain_41"},{"predicate":{"custom_model_data":116},"model":"modelengine:eldric/chain_46"},{"predicate":{"custom_model_data":117},"model":"modelengine:eldric/chain_47"},{"predicate":{"custom_model_data":118},"model":"modelengine:eldric/chain_49"},{"predicate":{"custom_model_data":119},"model":"modelengine:eldric/chain_42"},{"predicate":{"custom_model_data":120},"model":"modelengine:eldric/beard_1"},{"predicate":{"custom_model_data":121},"model":"modelengine:eldric/chain_26"},{"predicate":{"custom_model_data":122},"model":"modelengine:eldric/chain_36"},{"predicate":{"custom_model_data":123},"model":"modelengine:eldric/chain_37"},{"predicate":{"custom_model_data":124},"model":"modelengine:eldric/chain_30"},{"predicate":{"custom_model_data":125},"model":"modelengine:eldric/chain_34"},{"predicate":{"custom_model_data":126},"model":"modelengine:eldric/chain_31"},{"predicate":{"custom_model_data":127},"model":"modelengine:eldric/chain_29"},{"predicate":{"custom_model_data":128},"model":"modelengine:eldric/chain_27"},{"predicate":{"custom_model_data":129},"model":"modelengine:eldric/chain_28"},{"predicate":{"custom_model_data":130},"model":"modelengine:eldric/chain_33"},{"predicate":{"custom_model_data":131},"model":"modelengine:eldric/chain_35"},{"predicate":{"custom_model_data":132},"model":"modelengine:eldric/chain_32"},{"predicate":{"custom_model_data":133},"model":"modelengine:eldric/fingers_left"},{"predicate":{"custom_model_data":134},"model":"modelengine:eldric/chain_4"},{"predicate":{"custom_model_data":135},"model":"modelengine:eldric/chain_7"},{"predicate":{"custom_model_data":136},"model":"modelengine:eldric/chain_11"},{"predicate":{"custom_model_data":137},"model":"modelengine:eldric/chain_10"},{"predicate":{"custom_model_data":138},"model":"modelengine:eldric/chain_6"},{"predicate":{"custom_model_data":139},"model":"modelengine:eldric/chain_9"},{"predicate":{"custom_model_data":140},"model":"modelengine:eldric/chain_12"},{"predicate":{"custom_model_data":141},"model":"modelengine:eldric/chain_5"},{"predicate":{"custom_model_data":142},"model":"modelengine:eldric/chain_8"},{"predicate":{"custom_model_data":143},"model":"modelengine:eldric/chain_13"},{"predicate":{"custom_model_data":144},"model":"modelengine:eldric/chain_2"},{"predicate":{"custom_model_data":145},"model":"modelengine:eldric/chain_3"},{"predicate":{"custom_model_data":146},"model":"modelengine:eldric/hammer_swirl_2"},{"predicate":{"custom_model_data":147},"model":"modelengine:eldric/hammer_swirl_1"},{"predicate":{"custom_model_data":148},"model":"modelengine:eldric/beard_2"},{"predicate":{"custom_model_data":149},"model":"modelengine:eldric/anvil_piece"},{"predicate":{"custom_model_data":150},"model":"modelengine:xarnoth/cloud_3"},{"predicate":{"custom_model_data":151},"model":"modelengine:xarnoth/blast_fx"},{"predicate":{"custom_model_data":152},"model":"modelengine:xarnoth/cloud_2"},{"predicate":{"custom_model_data":153},"model":"modelengine:xarnoth/torso"},{"predicate":{"custom_model_data":154},"model":"modelengine:xarnoth/cloud_1"},{"predicate":{"custom_model_data":155},"model":"modelengine:xarnoth/swipe_fx"},{"predicate":{"custom_model_data":156},"model":"modelengine:xarnoth/chest"},{"predicate":{"custom_model_data":157},"model":"modelengine:xarnoth/thigh_right"},{"predicate":{"custom_model_data":158},"model":"modelengine:xarnoth/cloudring_17"},{"predicate":{"custom_model_data":159},"model":"modelengine:xarnoth/thigh_left"},{"predicate":{"custom_model_data":160},"model":"modelengine:xarnoth/right_arm2"},{"predicate":{"custom_model_data":161},"model":"modelengine:xarnoth/left_arm"},{"predicate":{"custom_model_data":162},"model":"modelengine:xarnoth/left_arm2"},{"predicate":{"custom_model_data":163},"model":"modelengine:xarnoth/right_arm"},{"predicate":{"custom_model_data":164},"model":"modelengine:xarnoth/head"},{"predicate":{"custom_model_data":165},"model":"modelengine:xarnoth/cloudring_3"},{"predicate":{"custom_model_data":166},"model":"modelengine:xarnoth/cloudring_2"},{"predicate":{"custom_model_data":167},"model":"modelengine:xarnoth/cloudring_1"},{"predicate":{"custom_model_data":168},"model":"modelengine:xarnoth/cloudring_16"},{"predicate":{"custom_model_data":169},"model":"modelengine:xarnoth/shin_right"},{"predicate":{"custom_model_data":170},"model":"modelengine:xarnoth/cloudring_9"},{"predicate":{"custom_model_data":171},"model":"modelengine:xarnoth/cloudring_15"},{"predicate":{"custom_model_data":172},"model":"modelengine:xarnoth/shin_left"},{"predicate":{"custom_model_data":173},"model":"modelengine:xarnoth/cloudring_10"},{"predicate":{"custom_model_data":174},"model":"modelengine:xarnoth/cloudring_8"},{"predicate":{"custom_model_data":175},"model":"modelengine:xarnoth/right_forearm2"},{"predicate":{"custom_model_data":176},"model":"modelengine:xarnoth/left_forearm"},{"predicate":{"custom_model_data":177},"model":"modelengine:xarnoth/left_forearm2"},{"predicate":{"custom_model_data":178},"model":"modelengine:xarnoth/right_forearm"},{"predicate":{"custom_model_data":179},"model":"modelengine:xarnoth/cloudring_4"},{"predicate":{"custom_model_data":180},"model":"modelengine:xarnoth/cloudring_6"},{"predicate":{"custom_model_data":181},"model":"modelengine:xarnoth/cloudring_7"},{"predicate":{"custom_model_data":182},"model":"modelengine:xarnoth/cloudring_5"},{"predicate":{"custom_model_data":183},"model":"modelengine:xarnoth/cloudring_14"},{"predicate":{"custom_model_data":184},"model":"modelengine:xarnoth/cloudring_11"},{"predicate":{"custom_model_data":185},"model":"modelengine:xarnoth/cloudring_12"},{"predicate":{"custom_model_data":186},"model":"modelengine:xarnoth/cloudring_13"},{"predicate":{"custom_model_data":187},"model":"modelengine:xarnoth/493e015b-a3a5-e9b3-e6d3-348aaf55ef91"},{"predicate":{"custom_model_data":188},"model":"modelengine:xarnoth/c693cb0b-798a-3753-7873-06e129950e51"},{"predicate":{"custom_model_data":189},"model":"modelengine:xarnoth/right_hand2/1"},{"predicate":{"custom_model_data":190},"model":"modelengine:xarnoth/right_hand2"},{"predicate":{"custom_model_data":191},"model":"modelengine:xarnoth/octagon5"},{"predicate":{"custom_model_data":192},"model":"modelengine:xarnoth/octagon"},{"predicate":{"custom_model_data":193},"model":"modelengine:xarnoth/left_hand"},{"predicate":{"custom_model_data":194},"model":"modelengine:xarnoth/octagon4"},{"predicate":{"custom_model_data":195},"model":"modelengine:xarnoth/left_hand2"},{"predicate":{"custom_model_data":196},"model":"modelengine:xarnoth/right_hand"},{"predicate":{"custom_model_data":197},"model":"modelengine:xarnoth/octagon6"},{"predicate":{"custom_model_data":198},"model":"modelengine:xarnoth/917d253c-139d-bae3-a9e2-043c47657a85"},{"predicate":{"custom_model_data":199},"model":"modelengine:xarnoth/d471bc19-57e2-ed56-4bed-68985a7f7d95"},{"predicate":{"custom_model_data":200},"model":"modelengine:xarnoth/hand_ring_1"},{"predicate":{"custom_model_data":201},"model":"modelengine:xarnoth/powerball_right"},{"predicate":{"custom_model_data":202},"model":"modelengine:xarnoth/right_finger_5"},{"predicate":{"custom_model_data":203},"model":"modelengine:xarnoth/right_finger_8"},{"predicate":{"custom_model_data":204},"model":"modelengine:xarnoth/right_finger_6"},{"predicate":{"custom_model_data":205},"model":"modelengine:xarnoth/right_finger_7"},{"predicate":{"custom_model_data":206},"model":"modelengine:xarnoth/left_finger_3"},{"predicate":{"custom_model_data":207},"model":"modelengine:xarnoth/left_finger_2"},{"predicate":{"custom_model_data":208},"model":"modelengine:xarnoth/left_finger_1"},{"predicate":{"custom_model_data":209},"model":"modelengine:xarnoth/left_finger_4"},{"predicate":{"custom_model_data":210},"model":"modelengine:xarnoth/hand_ring_4"},{"predicate":{"custom_model_data":211},"model":"modelengine:xarnoth/powerball_bottomleft"},{"predicate":{"custom_model_data":212},"model":"modelengine:xarnoth/left_finger_8"},{"predicate":{"custom_model_data":213},"model":"modelengine:xarnoth/hand_ring_2"},{"predicate":{"custom_model_data":214},"model":"modelengine:xarnoth/left_finger_5"},{"predicate":{"custom_model_data":215},"model":"modelengine:xarnoth/left_finger_6"},{"predicate":{"custom_model_data":216},"model":"modelengine:xarnoth/left_finger_7"},{"predicate":{"custom_model_data":217},"model":"modelengine:xarnoth/powerball_right2"},{"predicate":{"custom_model_data":218},"model":"modelengine:xarnoth/right_finger_2"},{"predicate":{"custom_model_data":219},"model":"modelengine:xarnoth/right_finger_3"},{"predicate":{"custom_model_data":220},"model":"modelengine:xarnoth/right_finger_4"},{"predicate":{"custom_model_data":221},"model":"modelengine:xarnoth/hand_ring_3"},{"predicate":{"custom_model_data":222},"model":"modelengine:xarnoth/right_finger_1"},{"predicate":{"custom_model_data":223},"model":"modelengine:xarnoth/powerball_bottomright"},{"predicate":{"custom_model_data":224},"model":"modelengine:xarnoth/ebdd4de5-e759-8a05-d0db-0ac46a499696"},{"predicate":{"custom_model_data":225},"model":"modelengine:xarnoth/c9ad3252-333c-5c1c-38bd-d91c801634ae"},{"predicate":{"custom_model_data":226},"model":"modelengine:xarnoth/710b1380-7f3f-481f-74d5-3fdb676ba214"},{"predicate":{"custom_model_data":227},"model":"modelengine:xarnoth/da5e381e-18fb-b08d-8a89-9f41377e11e3"},{"predicate":{"custom_model_data":228},"model":"modelengine:xarnoth/cdb2a3e0-d6eb-9803-a76b-53bb7c1c5fde"},{"predicate":{"custom_model_data":229},"model":"modelengine:xarnoth/de94d84d-0385-c817-b690-50956785b114"},{"predicate":{"custom_model_data":230},"model":"modelengine:xarnoth/710f48c2-bef5-3a9e-e0f7-369232a90ee6"},{"predicate":{"custom_model_data":231},"model":"modelengine:xarnoth/5ec9d9e2-b08d-c2e5-5db2-eb6adedc3eab"}],"parent":"minecraft:item/generated","textures":{"layer0":"minecraft:item/leather_horse_armor"}}