{"textures":{"0":"modelengine:entity/eldric_slam_fx","particle":"#0"},"elements":[{"from":[8.0,-16.0,8.0],"to":[8.0,8.0,32.0],"faces":{"east":{"uv":[16.0,0.0,13.0,3.0],"tintindex":0,"rotation":270,"texture":"#0"},"west":{"uv":[16.0,3.0,13.0,0.0],"tintindex":0,"rotation":270,"texture":"#0"}}},{"from":[-4.0,3.2261033,-16.0],"to":[20.0,12.773897,-16.0],"faces":{"south":{"uv":[0.0,0.0,3.0,1.25],"tintindex":0,"rotation":0,"texture":"#0"},"north":{"uv":[0.0,0.0,3.0,1.25],"tintindex":0,"rotation":0,"texture":"#0"}},"rotation":{"origin":[8.0,8.0,8.0],"angle":-45.0,"axis":"x"}},{"from":[-4.0,3.2261033,-16.0],"to":[20.0,12.773897,-16.0],"faces":{"south":{"uv":[0.0,2.5,3.0,3.75],"tintindex":0,"rotation":0,"texture":"#0"},"north":{"uv":[0.0,2.5,3.0,3.75],"tintindex":0,"rotation":0,"texture":"#0"}},"rotation":{"origin":[8.0,8.0,8.0],"angle":-22.5,"axis":"x"}},{"from":[-4.0,32.0,3.2261033],"to":[20.0,32.0,12.773897],"faces":{"up":{"uv":[12.0,6.25,9.0,5.0],"tintindex":0,"rotation":0,"texture":"#0"},"down":{"uv":[12.0,5.0,9.0,6.25],"tintindex":0,"rotation":0,"texture":"#0"}}},{"from":[-4.0,3.2261033,32.0],"to":[20.0,12.773897,32.0],"faces":{"south":{"uv":[6.0,3.75,9.0,5.0],"tintindex":0,"rotation":0,"texture":"#0"},"north":{"uv":[6.0,3.75,9.0,5.0],"tintindex":0,"rotation":0,"texture":"#0"}},"rotation":{"origin":[8.0,8.0,8.0],"angle":-22.5,"axis":"x"}},{"from":[8.0,-16.0,-16.0],"to":[8.0,8.0,8.0],"faces":{"east":{"uv":[16.0,3.0,13.0,0.0],"tintindex":0,"rotation":270,"texture":"#0"},"west":{"uv":[16.0,0.0,13.0,3.0],"tintindex":0,"rotation":270,"texture":"#0"}}},{"from":[-4.0,32.0,3.2261033],"to":[20.0,32.0,12.773897],"faces":{"up":{"uv":[12.0,3.75,9.0,2.5],"tintindex":0,"rotation":0,"texture":"#0"},"down":{"uv":[12.0,2.5,9.0,3.75],"tintindex":0,"rotation":0,"texture":"#0"}},"rotation":{"origin":[8.0,8.0,8.0],"angle":-22.5,"axis":"x"}},{"from":[-4.0,-16.0,3.2261033],"to":[20.0,-16.0,12.773897],"faces":{"up":{"uv":[12.0,2.5,9.0,1.25],"tintindex":0,"rotation":0,"texture":"#0"},"down":{"uv":[12.0,1.25,9.0,2.5],"tintindex":0,"rotation":0,"texture":"#0"}},"rotation":{"origin":[8.0,8.0,8.0],"angle":22.5,"axis":"x"}},{"from":[-4.0,3.2261033,32.0],"to":[20.0,12.773897,32.0],"faces":{"south":{"uv":[6.0,6.25,9.0,7.5],"tintindex":0,"rotation":0,"texture":"#0"},"north":{"uv":[6.0,6.25,9.0,7.5],"tintindex":0,"rotation":0,"texture":"#0"}},"rotation":{"origin":[8.0,8.0,8.0],"angle":22.5,"axis":"x"}},{"from":[-4.0,-16.0,3.2261033],"to":[20.0,-16.0,12.773897],"faces":{"up":{"uv":[3.0,10.0,0.0,8.75],"tintindex":0,"rotation":0,"texture":"#0"},"down":{"uv":[3.0,8.75,0.0,10.0],"tintindex":0,"rotation":0,"texture":"#0"}},"rotation":{"origin":[8.0,8.0,8.0],"angle":-22.5,"axis":"x"}},{"from":[-4.0,3.2261033,-16.0],"to":[20.0,12.773897,-16.0],"faces":{"south":{"uv":[0.0,5.0,3.0,6.25],"tintindex":0,"rotation":0,"texture":"#0"},"north":{"uv":[0.0,5.0,3.0,6.25],"tintindex":0,"rotation":0,"texture":"#0"}},"rotation":{"origin":[8.0,8.0,8.0],"angle":45.0,"axis":"x"}},{"from":[-4.0,3.2261033,-16.0],"to":[20.0,12.773897,-16.0],"faces":{"south":{"uv":[0.0,3.75,3.0,5.0],"tintindex":0,"rotation":0,"texture":"#0"},"north":{"uv":[0.0,3.75,3.0,5.0],"tintindex":0,"rotation":0,"texture":"#0"}},"rotation":{"origin":[8.0,8.0,8.0],"angle":22.5,"axis":"x"}},{"from":[-4.0,3.2261033,-16.0],"to":[20.0,12.773897,-16.0],"faces":{"south":{"uv":[3.0,1.25,6.0,2.5],"tintindex":0,"rotation":0,"texture":"#0"},"north":{"uv":[3.0,1.25,6.0,2.5],"tintindex":0,"rotation":0,"texture":"#0"}}},{"from":[-4.0,3.2261033,32.0],"to":[20.0,12.773897,32.0],"faces":{"south":{"uv":[0.0,6.25,3.0,7.5],"tintindex":0,"rotation":0,"texture":"#0"},"north":{"uv":[0.0,6.25,3.0,7.5],"tintindex":0,"rotation":0,"texture":"#0"}}},{"from":[8.0,8.0,-16.0],"to":[8.0,32.0,8.0],"faces":{"east":{"uv":[13.0,3.0,16.0,0.0],"tintindex":0,"rotation":270,"texture":"#0"},"west":{"uv":[13.0,0.0,16.0,3.0],"tintindex":0,"rotation":270,"texture":"#0"}}},{"from":[-4.0,3.2261033,32.0],"to":[20.0,12.773897,32.0],"faces":{"south":{"uv":[3.0,7.5,6.0,8.75],"tintindex":0,"rotation":0,"texture":"#0"},"north":{"uv":[3.0,7.5,6.0,8.75],"tintindex":0,"rotation":0,"texture":"#0"}},"rotation":{"origin":[8.0,8.0,8.0],"angle":45.0,"axis":"x"}},{"from":[-4.0,32.0,3.2261033],"to":[20.0,32.0,12.773897],"faces":{"up":{"uv":[12.0,8.75,9.0,7.5],"tintindex":0,"rotation":0,"texture":"#0"},"down":{"uv":[12.0,7.5,9.0,8.75],"tintindex":0,"rotation":0,"texture":"#0"}},"rotation":{"origin":[8.0,8.0,8.0],"angle":22.5,"axis":"x"}},{"from":[-4.0,3.2261033,32.0],"to":[20.0,12.773897,32.0],"faces":{"south":{"uv":[6.0,1.25,9.0,2.5],"tintindex":0,"rotation":0,"texture":"#0"},"north":{"uv":[6.0,1.25,9.0,2.5],"tintindex":0,"rotation":0,"texture":"#0"}},"rotation":{"origin":[8.0,8.0,8.0],"angle":-45.0,"axis":"x"}},{"from":[8.0,8.0,8.0],"to":[8.0,32.0,32.0],"faces":{"east":{"uv":[13.0,0.0,16.0,3.0],"tintindex":0,"rotation":270,"texture":"#0"},"west":{"uv":[13.0,3.0,16.0,0.0],"tintindex":0,"rotation":270,"texture":"#0"}}},{"from":[-4.0,-16.0,3.2261033],"to":[20.0,-16.0,12.773897],"faces":{"up":{"uv":[9.0,10.0,6.0,8.75],"tintindex":0,"rotation":0,"texture":"#0"},"down":{"uv":[9.0,8.75,6.0,10.0],"tintindex":0,"rotation":0,"texture":"#0"}}}],"display":{"head":{"rotation":[0.0,0.0,0.0]},"firstperson_righthand":{"rotation":[0.0,0.0,0.0]},"thirdperson_lefthand":{"rotation":[0.0,-0.0,-0.0]},"firstperson_lefthand":{"rotation":[0.0,-0.0,-0.0]},"fixed":{"rotation":[0.0,0.0,0.0]},"ground":{"rotation":[0.0,0.0,0.0]},"thirdperson_righthand":{"rotation":[0.0,0.0,0.0]},"gui":{"rotation":[-150.0,-45.0,180.0]}}}