{"textures":{"0":"modelengine:entity/8a605f546ff45a2f","particle":"#0"},"elements":[{"from":[1.0666666,-12.799999,4.5333333],"to":[14.933333,8.0,11.466667],"faces":{"east":{"uv":[4.0,5.0,5.0,8.0],"tintindex":0,"rotation":0,"texture":"#0"},"south":{"uv":[8.0,5.0,10.0,8.0],"tintindex":0,"rotation":0,"texture":"#0"},"north":{"uv":[5.0,5.0,7.0,8.0],"tintindex":0,"rotation":0,"texture":"#0"},"west":{"uv":[7.0,5.0,8.0,8.0],"tintindex":0,"rotation":0,"texture":"#0"},"up":{"uv":[7.0,5.0,5.0,4.0],"tintindex":0,"rotation":0,"texture":"#0"},"down":{"uv":[9.0,4.0,7.0,5.0],"tintindex":0,"rotation":0,"texture":"#0"}}},{"from":[0.6333332,-13.233334,4.1],"to":[15.366667,8.433334,11.900001],"faces":{"east":{"uv":[4.0,9.0,5.0,12.0],"tintindex":0,"rotation":0,"texture":"#0"},"south":{"uv":[8.0,9.0,10.0,12.0],"tintindex":0,"rotation":0,"texture":"#0"},"north":{"uv":[5.0,9.0,7.0,12.0],"tintindex":0,"rotation":0,"texture":"#0"},"west":{"uv":[7.0,9.0,8.0,12.0],"tintindex":0,"rotation":0,"texture":"#0"},"up":{"uv":[7.0,9.0,5.0,8.0],"tintindex":0,"rotation":0,"texture":"#0"},"down":{"uv":[9.0,8.0,7.0,9.0],"tintindex":0,"rotation":0,"texture":"#0"}}}],"display":{"head":{"rotation":[0.0,0.0,0.0]},"firstperson_righthand":{"rotation":[0.0,0.0,0.0]},"thirdperson_lefthand":{"rotation":[0.0,-0.0,-0.0]},"firstperson_lefthand":{"rotation":[0.0,-0.0,-0.0]},"fixed":{"rotation":[0.0,0.0,0.0]},"ground":{"rotation":[0.0,0.0,0.0]},"thirdperson_righthand":{"rotation":[0.0,0.0,0.0]},"gui":{"rotation":[-150.0,-45.0,180.0]}}}