{"textures":{"0":"modelengine:entity/8a605f546ff45a2f","particle":"#0"},"elements":[{"from":[-3.6999998,6.700001,-3.6999998],"to":[19.7,30.099998,19.7],"faces":{"east":{"uv":[8.0,2.0,10.0,4.0],"tintindex":0,"rotation":0,"texture":"#0"},"south":{"uv":[14.0,2.0,16.0,4.0],"tintindex":0,"rotation":0,"texture":"#0"},"north":{"uv":[10.0,2.0,12.0,4.0],"tintindex":0,"rotation":0,"texture":"#0"},"west":{"uv":[12.0,2.0,14.0,4.0],"tintindex":0,"rotation":0,"texture":"#0"},"up":{"uv":[12.0,2.0,10.0,0.0],"tintindex":0,"rotation":0,"texture":"#0"},"down":{"uv":[14.0,0.0,12.0,2.0],"tintindex":0,"rotation":0,"texture":"#0"}}},{"from":[-2.3999996,8.0,-2.3999996],"to":[18.4,28.800003,18.4],"faces":{"east":{"uv":[0.0,2.0,2.0,4.0],"tintindex":0,"rotation":0,"texture":"#0"},"south":{"uv":[6.0,2.0,8.0,4.0],"tintindex":0,"rotation":0,"texture":"#0"},"north":{"uv":[2.0,2.0,4.0,4.0],"tintindex":0,"rotation":0,"texture":"#0"},"west":{"uv":[4.0,2.0,6.0,4.0],"tintindex":0,"rotation":0,"texture":"#0"},"up":{"uv":[4.0,2.0,2.0,0.0],"tintindex":0,"rotation":0,"texture":"#0"},"down":{"uv":[6.0,0.0,4.0,2.0],"tintindex":0,"rotation":0,"texture":"#0"}}}],"display":{"head":{"rotation":[0.0,0.0,0.0]},"firstperson_righthand":{"rotation":[0.0,0.0,0.0]},"thirdperson_lefthand":{"rotation":[0.0,-0.0,-0.0]},"firstperson_lefthand":{"rotation":[0.0,-0.0,-0.0]},"fixed":{"rotation":[0.0,0.0,0.0]},"ground":{"rotation":[0.0,0.0,0.0]},"thirdperson_righthand":{"rotation":[0.0,0.0,0.0]},"gui":{"rotation":[-150.0,-45.0,180.0]}}}