{"textures":{"0":"modelengine:entity/8a605f546ff45a2f","particle":"#0"},"elements":[{"from":[4.1,-13.233334,4.1],"to":[11.900001,8.433333,11.900001],"faces":{"east":{"uv":[0.0,13.0,1.0,16.0],"tintindex":0,"rotation":0,"texture":"#0"},"south":{"uv":[3.0,13.0,4.0,16.0],"tintindex":0,"rotation":0,"texture":"#0"},"north":{"uv":[1.0,13.0,2.0,16.0],"tintindex":0,"rotation":0,"texture":"#0"},"west":{"uv":[2.0,13.0,3.0,16.0],"tintindex":0,"rotation":0,"texture":"#0"},"up":{"uv":[2.0,13.0,1.0,12.0],"tintindex":0,"rotation":0,"texture":"#0"},"down":{"uv":[3.0,12.0,2.0,13.0],"tintindex":0,"rotation":0,"texture":"#0"}}},{"from":[4.533333,-12.799999,4.5333333],"to":[11.466667,8.0,11.466667],"faces":{"east":{"uv":[4.0,13.0,5.0,16.0],"tintindex":0,"rotation":0,"texture":"#0"},"south":{"uv":[7.0,13.0,8.0,16.0],"tintindex":0,"rotation":0,"texture":"#0"},"north":{"uv":[5.0,13.0,6.0,16.0],"tintindex":0,"rotation":0,"texture":"#0"},"west":{"uv":[6.0,13.0,7.0,16.0],"tintindex":0,"rotation":0,"texture":"#0"},"up":{"uv":[6.0,13.0,5.0,12.0],"tintindex":0,"rotation":0,"texture":"#0"},"down":{"uv":[7.0,12.0,6.0,13.0],"tintindex":0,"rotation":0,"texture":"#0"}}}],"display":{"head":{"rotation":[0.0,0.0,0.0]},"firstperson_righthand":{"rotation":[0.0,0.0,0.0]},"thirdperson_lefthand":{"rotation":[0.0,-0.0,-0.0]},"firstperson_lefthand":{"rotation":[0.0,-0.0,-0.0]},"fixed":{"rotation":[0.0,0.0,0.0]},"ground":{"rotation":[0.0,0.0,0.0]},"thirdperson_righthand":{"rotation":[0.0,0.0,0.0]},"gui":{"rotation":[-150.0,-45.0,180.0]}}}