{
    "eldric.anvil_hit": {
        "sounds": [
            "littleroom_eldric:anvil_hit"
        ]
    },
    "eldric.death_growl": {
        "sounds": [
            "littleroom_eldric:death_growl"
        ]
    },
    "eldric.land": {
        "sounds": [
            "littleroom_eldric:land"
        ]
    },
    "eldric.leap": {
        "sounds": [
            "littleroom_eldric:leap"
        ]
    },
    "eldric.notice_player": {
        "sounds": [
            "littleroom_eldric:notice_player"
        ]
    },
    "eldric.scrapmetal_impact": {
        "sounds": [
            "littleroom_eldric:scrapmetal_impact"
        ]
    },
    "eldric.step": {
        "sounds": [
            "littleroom_eldric:step_1",
            "littleroom_eldric:step_2"
        ]
    },
    "eldric.hammer_hit": {
        "sounds": [
            "littleroom_eldric:hammer_hit_1",
            "littleroom_eldric:hammer_hit_2",
            "littleroom_eldric:hammer_hit_3"
        ]
    }
}