{"textures":{"0":"modelengine:entity/eldric_lava_spike","particle":"#0"},"elements":[{"from":[5.5,7.0,8.0],"to":[10.5,9.0,16.0],"faces":{"east":{"uv":[11.75,8.75,13.75,9.25],"tintindex":0,"rotation":0,"texture":"#0"},"south":{"uv":[12.0,3.75,13.25,4.25],"tintindex":0,"rotation":0,"texture":"#0"},"north":{"uv":[12.0,3.25,13.25,3.75],"tintindex":0,"rotation":0,"texture":"#0"},"west":{"uv":[11.75,9.25,13.75,9.75],"tintindex":0,"rotation":0,"texture":"#0"},"up":{"uv":[12.0,2.0,10.75,0.0],"tintindex":0,"rotation":0,"texture":"#0"},"down":{"uv":[1.25,11.0,0.0,13.0],"tintindex":0,"rotation":0,"texture":"#0"}}}],"display":{"head":{"rotation":[0.0,0.0,0.0]},"firstperson_righthand":{"rotation":[0.0,0.0,0.0]},"thirdperson_lefthand":{"rotation":[0.0,-0.0,-0.0]},"firstperson_lefthand":{"rotation":[0.0,-0.0,-0.0]},"fixed":{"rotation":[0.0,0.0,0.0]},"ground":{"rotation":[0.0,0.0,0.0]},"thirdperson_righthand":{"rotation":[0.0,0.0,0.0]},"gui":{"rotation":[-150.0,-45.0,180.0]}}}