{"textures":{"1":"modelengine:entity/eldric_ground_crack","particle":"#1"},"elements":[{"from":[-8.0,8.0,-8.0],"to":[24.0,8.0,24.0],"faces":{"up":{"uv":[0.0,0.0,16.0,16.0],"tintindex":0,"rotation":0,"texture":"#1"},"down":{"uv":[0.0,0.0,16.0,16.0],"tintindex":0,"rotation":0,"texture":"#1"}}}],"display":{"head":{"rotation":[0.0,0.0,0.0]},"firstperson_righthand":{"rotation":[0.0,0.0,0.0]},"thirdperson_lefthand":{"rotation":[0.0,-0.0,-0.0]},"firstperson_lefthand":{"rotation":[0.0,-0.0,-0.0]},"fixed":{"rotation":[0.0,0.0,0.0]},"ground":{"rotation":[0.0,0.0,0.0]},"thirdperson_righthand":{"rotation":[0.0,0.0,0.0]},"gui":{"rotation":[-150.0,-45.0,180.0]}}}