{"textures":{"0":"modelengine:entity/eldric_lava_spike","particle":"#0"},"elements":[{"from":[8.0,7.0,5.5],"to":[16.0,9.0,10.5],"faces":{"east":{"uv":[11.0,12.0,12.25,12.5],"tintindex":0,"rotation":0,"texture":"#0"},"south":{"uv":[11.75,10.25,13.75,10.75],"tintindex":0,"rotation":0,"texture":"#0"},"north":{"uv":[11.75,9.75,13.75,10.25],"tintindex":0,"rotation":0,"texture":"#0"},"west":{"uv":[1.25,12.25,2.5,12.75],"tintindex":0,"rotation":0,"texture":"#0"},"up":{"uv":[3.25,12.25,1.25,11.0],"tintindex":0,"rotation":0,"texture":"#0"},"down":{"uv":[13.0,2.0,11.0,3.25],"tintindex":0,"rotation":0,"texture":"#0"}}}],"display":{"head":{"rotation":[0.0,0.0,0.0]},"firstperson_righthand":{"rotation":[0.0,0.0,0.0]},"thirdperson_lefthand":{"rotation":[0.0,-0.0,-0.0]},"firstperson_lefthand":{"rotation":[0.0,-0.0,-0.0]},"fixed":{"rotation":[0.0,0.0,0.0]},"ground":{"rotation":[0.0,0.0,0.0]},"thirdperson_righthand":{"rotation":[0.0,0.0,0.0]},"gui":{"rotation":[-150.0,-45.0,180.0]}}}