{"textures":{"0":"modelengine:entity/eldric_lava_spike","particle":"#0"},"elements":[{"from":[-2.0,6.5,5.5],"to":[8.0,9.5,10.5],"faces":{"east":{"uv":[11.75,10.75,13.0,11.5],"tintindex":0,"rotation":0,"texture":"#0"},"south":{"uv":[11.5,6.0,14.0,6.75],"tintindex":0,"rotation":0,"texture":"#0"},"north":{"uv":[11.0,5.25,13.5,6.0],"tintindex":0,"rotation":0,"texture":"#0"},"west":{"uv":[12.0,0.0,13.25,0.75],"tintindex":0,"rotation":0,"texture":"#0"},"up":{"uv":[11.5,7.25,9.0,6.0],"tintindex":0,"rotation":0,"texture":"#0"},"down":{"uv":[11.5,7.25,9.0,8.5],"tintindex":0,"rotation":0,"texture":"#0"}}}],"display":{"head":{"rotation":[0.0,0.0,0.0]},"firstperson_righthand":{"rotation":[0.0,0.0,0.0]},"thirdperson_lefthand":{"rotation":[0.0,-0.0,-0.0]},"firstperson_lefthand":{"rotation":[0.0,-0.0,-0.0]},"fixed":{"rotation":[0.0,0.0,0.0]},"ground":{"rotation":[0.0,0.0,0.0]},"thirdperson_righthand":{"rotation":[0.0,0.0,0.0]},"gui":{"rotation":[-150.0,-45.0,180.0]}}}