{"textures":{"0":"modelengine:entity/owlbear_cub","particle":"#0"},"elements":[{"from":[2.0,-3.0,-1.0],"to":[14.0,8.0,8.0],"faces":{"east":{"uv":[4.5,0.0,5.625,1.375],"tintindex":0,"rotation":0,"texture":"#0"},"south":{"uv":[0.0,1.375,1.5,2.75],"tintindex":0,"rotation":0,"texture":"#0"},"north":{"uv":[0.0,0.0,1.5,1.375],"tintindex":0,"rotation":0,"texture":"#0"},"west":{"uv":[5.625,0.0,4.5,1.375],"tintindex":0,"rotation":0,"texture":"#0"},"up":{"uv":[4.5,2.25,3.0,1.125],"tintindex":0,"rotation":0,"texture":"#0"},"down":{"uv":[4.25,3.625,2.75,4.75],"tintindex":0,"rotation":0,"texture":"#0"}}},{"from":[2.0,-4.7220755,-1.3425417],"to":[14.0,-4.7220755,7.657458],"faces":{"up":{"uv":[4.25,3.375,5.75,2.25],"tintindex":0,"rotation":0,"texture":"#0"},"down":{"uv":[5.75,2.25,4.25,3.375],"tintindex":0,"rotation":0,"texture":"#0"}},"rotation":{"origin":[8.0,-4.7220755,3.1574578],"angle":22.5,"axis":"x"}},{"from":[8.0,8.0,-1.0],"to":[8.0,10.0,8.0],"faces":{"east":{"uv":[8.75,4.0,7.625,4.25],"tintindex":0,"rotation":0,"texture":"#0"},"west":{"uv":[7.625,4.0,8.75,4.25],"tintindex":0,"rotation":0,"texture":"#0"}}}],"display":{"head":{"rotation":[0.0,0.0,0.0]},"firstperson_righthand":{"rotation":[0.0,0.0,0.0]},"thirdperson_lefthand":{"rotation":[0.0,-0.0,-0.0]},"firstperson_lefthand":{"rotation":[0.0,-0.0,-0.0]},"fixed":{"rotation":[0.0,0.0,0.0]},"ground":{"rotation":[0.0,0.0,0.0]},"thirdperson_righthand":{"rotation":[0.0,0.0,0.0]},"gui":{"rotation":[-150.0,-45.0,180.0]}}}