{"textures":{"0":"modelengine:entity/owlbear_cub","particle":"#0"},"elements":[{"from":[7.0,6.0,1.0],"to":[9.0,9.0,3.0],"faces":{"east":{"uv":[1.0,5.5,1.25,5.875],"tintindex":0,"rotation":0,"texture":"#0"},"south":{"uv":[5.125,6.0,5.375,6.375],"tintindex":0,"rotation":0,"texture":"#0"},"north":{"uv":[1.25,3.5,1.5,3.875],"tintindex":0,"rotation":0,"texture":"#0"},"west":{"uv":[6.25,6.5,6.5,6.875],"tintindex":0,"rotation":0,"texture":"#0"},"up":{"uv":[6.0,3.375,5.75,3.125],"tintindex":0,"rotation":0,"texture":"#0"},"down":{"uv":[3.625,5.75,3.375,6.0],"tintindex":0,"rotation":0,"texture":"#0"}}},{"from":[7.006272,3.0,2.9958096],"to":[15.006271,12.0,2.9958096],"faces":{"south":{"uv":[0.0,5.5,1.0,6.625],"tintindex":0,"rotation":0,"texture":"#0"},"north":{"uv":[5.375,4.625,6.375,5.75],"tintindex":0,"rotation":0,"texture":"#0"}},"rotation":{"origin":[10.006271,8.5,4.9958096],"angle":-22.5,"axis":"y"}},{"from":[3.0062718,5.0,2.9958096],"to":[9.006271,12.0,6.9958096],"faces":{"east":{"uv":[3.375,7.625,3.875,8.5],"tintindex":0,"rotation":0,"texture":"#0"},"south":{"uv":[0.625,6.875,1.375,7.75],"tintindex":0,"rotation":0,"texture":"#0"},"north":{"uv":[3.375,6.75,4.125,7.625],"tintindex":0,"rotation":0,"texture":"#0"},"west":{"uv":[0.0,7.75,0.5,8.625],"tintindex":0,"rotation":0,"texture":"#0"},"up":{"uv":[8.5,6.125,7.75,5.625],"tintindex":0,"rotation":0,"texture":"#0"},"down":{"uv":[8.5,6.125,7.75,6.625],"tintindex":0,"rotation":0,"texture":"#0"}},"rotation":{"origin":[6.006272,8.5,4.9958096],"angle":22.5,"axis":"y"}},{"from":[7.006272,5.0,2.9958096],"to":[13.006271,12.0,6.9958096],"faces":{"east":{"uv":[7.625,2.25,8.125,3.125],"tintindex":0,"rotation":0,"texture":"#0"},"south":{"uv":[6.75,0.875,7.5,1.75],"tintindex":0,"rotation":0,"texture":"#0"},"north":{"uv":[6.625,0.0,7.375,0.875],"tintindex":0,"rotation":0,"texture":"#0"},"west":{"uv":[7.625,3.125,8.125,4.0],"tintindex":0,"rotation":0,"texture":"#0"},"up":{"uv":[8.375,5.625,7.625,5.125],"tintindex":0,"rotation":0,"texture":"#0"},"down":{"uv":[2.25,7.75,1.5,8.25],"tintindex":0,"rotation":0,"texture":"#0"}},"rotation":{"origin":[10.006271,8.5,4.9958096],"angle":-22.5,"axis":"y"}},{"from":[3.5,5.0,4.0],"to":[12.5,12.0,10.0],"faces":{"east":{"uv":[1.375,6.875,2.125,7.75],"tintindex":0,"rotation":0,"texture":"#0"},"south":{"uv":[5.625,1.125,6.75,2.0],"tintindex":0,"rotation":0,"texture":"#0"},"north":{"uv":[4.5,1.375,5.625,2.25],"tintindex":0,"rotation":0,"texture":"#0"},"west":{"uv":[2.125,6.875,2.875,7.75],"tintindex":0,"rotation":0,"texture":"#0"},"up":{"uv":[6.5,6.5,5.375,5.75],"tintindex":0,"rotation":0,"texture":"#0"},"down":{"uv":[4.5,6.0,3.375,6.75],"tintindex":0,"rotation":0,"texture":"#0"}}},{"from":[2.5,12.1,2.0],"to":[13.5,12.1,10.0],"faces":{"up":{"uv":[4.125,5.75,2.75,4.75],"tintindex":0,"rotation":0,"texture":"#0"},"down":{"uv":[2.625,5.125,1.25,6.125],"tintindex":0,"rotation":0,"texture":"#0"}}},{"from":[6.5,4.0,2.0],"to":[9.5,8.0,8.0],"faces":{"east":{"uv":[5.375,7.875,6.125,8.375],"tintindex":0,"rotation":0,"texture":"#0"},"south":{"uv":[8.25,1.75,8.625,2.25],"tintindex":0,"rotation":0,"texture":"#0"},"north":{"uv":[7.375,8.125,7.75,8.625],"tintindex":0,"rotation":0,"texture":"#0"},"west":{"uv":[7.875,6.625,8.625,7.125],"tintindex":0,"rotation":0,"texture":"#0"},"up":{"uv":[8.5,1.375,8.125,0.625],"tintindex":0,"rotation":0,"texture":"#0"},"down":{"uv":[8.5,2.25,8.125,3.0],"tintindex":0,"rotation":0,"texture":"#0"}}},{"from":[1.0062718,3.0,2.9958096],"to":[9.006271,12.0,2.9958096],"faces":{"south":{"uv":[5.625,0.0,6.625,1.125],"tintindex":0,"rotation":0,"texture":"#0"},"north":{"uv":[5.5,3.375,6.5,4.5],"tintindex":0,"rotation":0,"texture":"#0"}},"rotation":{"origin":[6.006272,8.5,4.9958096],"angle":22.5,"axis":"y"}},{"from":[3.5,13.147127,3.7720213],"to":[12.5,13.147127,9.772021],"faces":{"up":{"uv":[2.125,6.875,1.0,6.125],"tintindex":0,"rotation":0,"texture":"#0"},"down":{"uv":[7.5,4.5,6.375,5.25],"tintindex":0,"rotation":0,"texture":"#0"}},"rotation":{"origin":[8.0,13.147127,6.7720213],"angle":-22.5,"axis":"x"}}],"display":{"head":{"rotation":[0.0,0.0,0.0]},"firstperson_righthand":{"rotation":[0.0,0.0,0.0]},"thirdperson_lefthand":{"rotation":[0.0,-0.0,-0.0]},"firstperson_lefthand":{"rotation":[0.0,-0.0,-0.0]},"fixed":{"rotation":[0.0,0.0,0.0]},"ground":{"rotation":[0.0,0.0,0.0]},"thirdperson_righthand":{"rotation":[0.0,0.0,0.0]},"gui":{"rotation":[-150.0,-45.0,180.0]}}}