{"textures":{"0":"modelengine:entity/owlbear_cub","particle":"#0"},"elements":[{"from":[6.0,2.0,13.0],"to":[6.0,8.0,15.0],"faces":{"east":{"uv":[6.25,7.125,6.0,7.875],"tintindex":0,"rotation":0,"texture":"#0"},"west":{"uv":[6.0,7.125,6.25,7.875],"tintindex":0,"rotation":0,"texture":"#0"}}},{"from":[6.0,2.0,8.0],"to":[10.0,8.0,13.0],"faces":{"east":{"uv":[7.25,7.375,7.875,8.125],"tintindex":0,"rotation":0,"texture":"#0"},"south":{"uv":[2.25,7.75,2.75,8.5],"tintindex":0,"rotation":0,"texture":"#0"},"north":{"uv":[2.125,6.125,2.625,6.875],"tintindex":0,"rotation":0,"texture":"#0"},"west":{"uv":[7.5,0.75,8.125,1.5],"tintindex":0,"rotation":0,"texture":"#0"},"up":{"uv":[4.875,8.625,4.375,8.0],"tintindex":0,"rotation":0,"texture":"#0"},"down":{"uv":[5.375,8.0,4.875,8.625],"tintindex":0,"rotation":0,"texture":"#0"}}}],"display":{"head":{"rotation":[0.0,0.0,0.0]},"firstperson_righthand":{"rotation":[0.0,0.0,0.0]},"thirdperson_lefthand":{"rotation":[0.0,-0.0,-0.0]},"firstperson_lefthand":{"rotation":[0.0,-0.0,-0.0]},"fixed":{"rotation":[0.0,0.0,0.0]},"ground":{"rotation":[0.0,0.0,0.0]},"thirdperson_righthand":{"rotation":[0.0,0.0,0.0]},"gui":{"rotation":[-150.0,-45.0,180.0]}}}