{"textures":{"0":"modelengine:entity/owlbear_cub","particle":"#0"},"elements":[{"from":[5.5,2.0,6.0000005],"to":[9.5,11.0,11.0],"faces":{"east":{"uv":[6.5,5.875,7.125,7.0],"tintindex":0,"rotation":0,"texture":"#0"},"south":{"uv":[7.125,1.75,7.625,2.875],"tintindex":0,"rotation":0,"texture":"#0"},"north":{"uv":[6.75,7.0,7.25,8.125],"tintindex":0,"rotation":0,"texture":"#0"},"west":{"uv":[0.0,6.625,0.625,7.75],"tintindex":0,"rotation":0,"texture":"#0"},"up":{"uv":[8.375,7.75,7.875,7.125],"tintindex":0,"rotation":0,"texture":"#0"},"down":{"uv":[8.375,7.75,7.875,8.375],"tintindex":0,"rotation":0,"texture":"#0"}}},{"from":[4.7346334,2.0,10.847759],"to":[4.7346334,12.0,14.847759],"faces":{"east":{"uv":[6.75,7.0,6.25,8.25],"tintindex":0,"rotation":0,"texture":"#0"},"west":{"uv":[6.25,7.0,6.75,8.25],"tintindex":0,"rotation":0,"texture":"#0"}},"rotation":{"origin":[4.7346334,7.0,12.847759],"angle":-22.5,"axis":"y"}}],"display":{"head":{"rotation":[0.0,0.0,0.0]},"firstperson_righthand":{"rotation":[0.0,0.0,0.0]},"thirdperson_lefthand":{"rotation":[0.0,-0.0,-0.0]},"firstperson_lefthand":{"rotation":[0.0,-0.0,-0.0]},"fixed":{"rotation":[0.0,0.0,0.0]},"ground":{"rotation":[0.0,0.0,0.0]},"thirdperson_righthand":{"rotation":[0.0,0.0,0.0]},"gui":{"rotation":[-150.0,-45.0,180.0]}}}