{"textures":{"0":"modelengine:entity/owlbear_cub","particle":"#0"},"elements":[{"from":[5.5,5.0,4.0],"to":[10.5,8.0,10.0],"faces":{"east":{"uv":[8.125,4.25,8.875,4.625],"tintindex":0,"rotation":0,"texture":"#0"},"south":{"uv":[1.5,8.25,2.125,8.625],"tintindex":0,"rotation":0,"texture":"#0"},"north":{"uv":[8.25,1.375,8.875,1.75],"tintindex":0,"rotation":0,"texture":"#0"},"west":{"uv":[8.125,4.625,8.875,5.0],"tintindex":0,"rotation":0,"texture":"#0"},"up":{"uv":[8.125,5.125,7.5,4.375],"tintindex":0,"rotation":0,"texture":"#0"},"down":{"uv":[8.25,1.5,7.625,2.25],"tintindex":0,"rotation":0,"texture":"#0"}}}],"display":{"head":{"rotation":[0.0,0.0,0.0]},"firstperson_righthand":{"rotation":[0.0,0.0,0.0]},"thirdperson_lefthand":{"rotation":[0.0,-0.0,-0.0]},"firstperson_lefthand":{"rotation":[0.0,-0.0,-0.0]},"fixed":{"rotation":[0.0,0.0,0.0]},"ground":{"rotation":[0.0,0.0,0.0]},"thirdperson_righthand":{"rotation":[0.0,0.0,0.0]},"gui":{"rotation":[-150.0,-45.0,180.0]}}}