{"textures":{"0":"modelengine:entity/owlbear_cub","particle":"#0"},"elements":[{"from":[6.0,5.0,4.0000005],"to":[11.0,8.0,10.0],"faces":{"east":{"uv":[8.125,3.0,8.875,3.375],"tintindex":0,"rotation":0,"texture":"#0"},"south":{"uv":[6.75,8.125,7.375,8.5],"tintindex":0,"rotation":0,"texture":"#0"},"north":{"uv":[2.75,8.125,3.375,8.5],"tintindex":0,"rotation":0,"texture":"#0"},"west":{"uv":[8.125,3.375,8.875,3.75],"tintindex":0,"rotation":0,"texture":"#0"},"up":{"uv":[7.875,7.375,7.25,6.625],"tintindex":0,"rotation":0,"texture":"#0"},"down":{"uv":[8.0,0.0,7.375,0.75],"tintindex":0,"rotation":0,"texture":"#0"}}}],"display":{"head":{"rotation":[0.0,0.0,0.0]},"firstperson_righthand":{"rotation":[0.0,0.0,0.0]},"thirdperson_lefthand":{"rotation":[0.0,-0.0,-0.0]},"firstperson_lefthand":{"rotation":[0.0,-0.0,-0.0]},"fixed":{"rotation":[0.0,0.0,0.0]},"ground":{"rotation":[0.0,0.0,0.0]},"thirdperson_righthand":{"rotation":[0.0,0.0,0.0]},"gui":{"rotation":[-150.0,-45.0,180.0]}}}