{"textures":{"0":"modelengine:entity/owlbear_cub","particle":"#0"},"elements":[{"from":[5.5,1.0,5.0],"to":[10.5,10.0,11.0],"faces":{"east":{"uv":[5.75,2.0,6.5,3.125],"tintindex":0,"rotation":0,"texture":"#0"},"south":{"uv":[6.5,2.0,7.125,3.125],"tintindex":0,"rotation":0,"texture":"#0"},"north":{"uv":[4.5,6.0,5.125,7.125],"tintindex":0,"rotation":0,"texture":"#0"},"west":{"uv":[2.625,5.75,3.375,6.875],"tintindex":0,"rotation":0,"texture":"#0"},"up":{"uv":[6.0,7.875,5.375,7.125],"tintindex":0,"rotation":0,"texture":"#0"},"down":{"uv":[7.75,5.875,7.125,6.625],"tintindex":0,"rotation":0,"texture":"#0"}}}],"display":{"head":{"rotation":[0.0,0.0,0.0]},"firstperson_righthand":{"rotation":[0.0,0.0,0.0]},"thirdperson_lefthand":{"rotation":[0.0,-0.0,-0.0]},"firstperson_lefthand":{"rotation":[0.0,-0.0,-0.0]},"fixed":{"rotation":[0.0,0.0,0.0]},"ground":{"rotation":[0.0,0.0,0.0]},"thirdperson_righthand":{"rotation":[0.0,0.0,0.0]},"gui":{"rotation":[-150.0,-45.0,180.0]}}}