{"textures":{"0":"modelengine:entity/owlbear_cub","particle":"#0"},"elements":[{"from":[6.5,2.0,6.0000005],"to":[10.5,11.0,11.0],"faces":{"east":{"uv":[0.625,6.625,0.0,7.75],"tintindex":0,"rotation":0,"texture":"#0"},"south":{"uv":[7.625,1.75,7.125,2.875],"tintindex":0,"rotation":0,"texture":"#0"},"north":{"uv":[7.25,7.0,6.75,8.125],"tintindex":0,"rotation":0,"texture":"#0"},"west":{"uv":[7.125,5.875,6.5,7.0],"tintindex":0,"rotation":0,"texture":"#0"},"up":{"uv":[7.875,7.75,8.375,7.125],"tintindex":0,"rotation":0,"texture":"#0"},"down":{"uv":[7.875,7.75,8.375,8.375],"tintindex":0,"rotation":0,"texture":"#0"}}},{"from":[11.265367,2.0,10.847759],"to":[11.265367,12.0,14.847759],"faces":{"east":{"uv":[6.75,7.0,6.25,8.25],"tintindex":0,"rotation":0,"texture":"#0"},"west":{"uv":[6.25,7.0,6.75,8.25],"tintindex":0,"rotation":0,"texture":"#0"}},"rotation":{"origin":[11.265367,7.0,12.847759],"angle":22.5,"axis":"y"}}],"display":{"head":{"rotation":[0.0,0.0,0.0]},"firstperson_righthand":{"rotation":[0.0,0.0,0.0]},"thirdperson_lefthand":{"rotation":[0.0,-0.0,-0.0]},"firstperson_lefthand":{"rotation":[0.0,-0.0,-0.0]},"fixed":{"rotation":[0.0,0.0,0.0]},"ground":{"rotation":[0.0,0.0,0.0]},"thirdperson_righthand":{"rotation":[0.0,0.0,0.0]},"gui":{"rotation":[-150.0,-45.0,180.0]}}}