{"textures":{"0":"modelengine:entity/owlbear_cub","particle":"#0"},"elements":[{"from":[6.5,1.0,3.0000005],"to":[10.5,8.0,8.0],"faces":{"east":{"uv":[5.375,7.125,4.75,8.0],"tintindex":0,"rotation":0,"texture":"#0"},"south":{"uv":[1.5,7.75,1.0,8.625],"tintindex":0,"rotation":0,"texture":"#0"},"north":{"uv":[1.0,7.75,0.5,8.625],"tintindex":0,"rotation":0,"texture":"#0"},"west":{"uv":[4.75,7.125,4.125,8.0],"tintindex":0,"rotation":0,"texture":"#0"},"up":{"uv":[8.0,0.625,8.5,0.0],"tintindex":0,"rotation":0,"texture":"#0"},"down":{"uv":[3.875,8.0,4.375,8.625],"tintindex":0,"rotation":0,"texture":"#0"}}}],"display":{"head":{"rotation":[0.0,0.0,0.0]},"firstperson_righthand":{"rotation":[0.0,0.0,0.0]},"thirdperson_lefthand":{"rotation":[0.0,-0.0,-0.0]},"firstperson_lefthand":{"rotation":[0.0,-0.0,-0.0]},"fixed":{"rotation":[0.0,0.0,0.0]},"ground":{"rotation":[0.0,0.0,0.0]},"thirdperson_righthand":{"rotation":[0.0,0.0,0.0]},"gui":{"rotation":[-150.0,-45.0,180.0]}}}