{"textures":{"0":"modelengine:entity/owlbear_cub","particle":"#0"},"elements":[{"from":[5.5,1.0,5.0],"to":[10.5,10.0,11.0],"faces":{"east":{"uv":[3.375,5.75,2.625,6.875],"tintindex":0,"rotation":0,"texture":"#0"},"south":{"uv":[7.125,2.0,6.5,3.125],"tintindex":0,"rotation":0,"texture":"#0"},"north":{"uv":[5.125,6.0,4.5,7.125],"tintindex":0,"rotation":0,"texture":"#0"},"west":{"uv":[6.5,2.0,5.75,3.125],"tintindex":0,"rotation":0,"texture":"#0"},"up":{"uv":[5.375,7.875,6.0,7.125],"tintindex":0,"rotation":0,"texture":"#0"},"down":{"uv":[7.125,5.875,7.75,6.625],"tintindex":0,"rotation":0,"texture":"#0"}}}],"display":{"head":{"rotation":[0.0,0.0,0.0]},"firstperson_righthand":{"rotation":[0.0,0.0,0.0]},"thirdperson_lefthand":{"rotation":[0.0,-0.0,-0.0]},"firstperson_lefthand":{"rotation":[0.0,-0.0,-0.0]},"fixed":{"rotation":[0.0,0.0,0.0]},"ground":{"rotation":[0.0,0.0,0.0]},"thirdperson_righthand":{"rotation":[0.0,0.0,0.0]},"gui":{"rotation":[-150.0,-45.0,180.0]}}}