{"textures":{"0":"modelengine:entity/owlbear_cub","particle":"#0"},"elements":[{"from":[8.0,8.0,8.0],"to":[17.0,13.0,8.0],"faces":{"south":{"uv":[6.5,3.75,7.625,4.375],"tintindex":0,"rotation":0,"texture":"#0"},"north":{"uv":[6.5,3.125,7.625,3.75],"tintindex":0,"rotation":0,"texture":"#0"}}}],"display":{"head":{"rotation":[0.0,0.0,0.0]},"firstperson_righthand":{"rotation":[0.0,0.0,0.0]},"thirdperson_lefthand":{"rotation":[0.0,-0.0,-0.0]},"firstperson_lefthand":{"rotation":[0.0,-0.0,-0.0]},"fixed":{"rotation":[0.0,0.0,0.0]},"ground":{"rotation":[0.0,0.0,0.0]},"thirdperson_righthand":{"rotation":[0.0,0.0,0.0]},"gui":{"rotation":[-150.0,-45.0,180.0]}}}