{"textures":{"0":"modelengine:entity/owlbear_cub","particle":"#0"},"elements":[{"from":[5.0,5.0,4.0000005],"to":[10.0,8.0,10.0],"faces":{"east":{"uv":[8.875,3.375,8.125,3.75],"tintindex":0,"rotation":0,"texture":"#0"},"south":{"uv":[7.375,8.125,6.75,8.5],"tintindex":0,"rotation":0,"texture":"#0"},"north":{"uv":[3.375,8.125,2.75,8.5],"tintindex":0,"rotation":0,"texture":"#0"},"west":{"uv":[8.875,3.0,8.125,3.375],"tintindex":0,"rotation":0,"texture":"#0"},"up":{"uv":[7.25,7.375,7.875,6.625],"tintindex":0,"rotation":0,"texture":"#0"},"down":{"uv":[7.375,0.0,8.0,0.75],"tintindex":0,"rotation":0,"texture":"#0"}}}],"display":{"head":{"rotation":[0.0,0.0,0.0]},"firstperson_righthand":{"rotation":[0.0,0.0,0.0]},"thirdperson_lefthand":{"rotation":[0.0,-0.0,-0.0]},"firstperson_lefthand":{"rotation":[0.0,-0.0,-0.0]},"fixed":{"rotation":[0.0,0.0,0.0]},"ground":{"rotation":[0.0,0.0,0.0]},"thirdperson_righthand":{"rotation":[0.0,0.0,0.0]},"gui":{"rotation":[-150.0,-45.0,180.0]}}}