{"textures":{"0":"modelengine:entity/owlbear_cub","particle":"#0"},"elements":[{"from":[2.0,8.0,8.0],"to":[14.0,8.0,17.0],"faces":{"up":{"uv":[3.0,1.125,4.5,0.0],"tintindex":0,"rotation":0,"texture":"#0"},"down":{"uv":[4.5,0.0,3.0,1.125],"tintindex":0,"rotation":0,"texture":"#0"}}}],"display":{"head":{"rotation":[0.0,0.0,0.0]},"firstperson_righthand":{"rotation":[0.0,0.0,0.0]},"thirdperson_lefthand":{"rotation":[0.0,-0.0,-0.0]},"firstperson_lefthand":{"rotation":[0.0,-0.0,-0.0]},"fixed":{"rotation":[0.0,0.0,0.0]},"ground":{"rotation":[0.0,0.0,0.0]},"thirdperson_righthand":{"rotation":[0.0,0.0,0.0]},"gui":{"rotation":[-150.0,-45.0,180.0]}}}