{"textures":{"0":"modelengine:entity/owlbear_cub","particle":"#0"},"elements":[{"from":[3.0,2.0,4.0],"to":[13.0,12.0,16.0],"faces":{"east":{"uv":[1.5,0.0,3.0,1.25],"tintindex":0,"rotation":0,"texture":"#0"},"south":{"uv":[4.25,3.375,5.5,4.625],"tintindex":0,"rotation":0,"texture":"#0"},"north":{"uv":[0.0,4.25,1.25,5.5],"tintindex":0,"rotation":0,"texture":"#0"},"west":{"uv":[3.0,0.0,1.5,1.25],"tintindex":0,"rotation":0,"texture":"#0"},"up":{"uv":[2.75,4.0,1.5,2.5],"tintindex":0,"rotation":0,"texture":"#0"},"down":{"uv":[1.25,2.75,0.0,4.25],"tintindex":0,"rotation":0,"texture":"#0"}}}],"display":{"head":{"rotation":[0.0,0.0,0.0]},"firstperson_righthand":{"rotation":[0.0,0.0,0.0]},"thirdperson_lefthand":{"rotation":[0.0,-0.0,-0.0]},"firstperson_lefthand":{"rotation":[0.0,-0.0,-0.0]},"fixed":{"rotation":[0.0,0.0,0.0]},"ground":{"rotation":[0.0,0.0,0.0]},"thirdperson_righthand":{"rotation":[0.0,0.0,0.0]},"gui":{"rotation":[-150.0,-45.0,180.0]}}}