{"textures":{"2":"modelengine:entity/piglinmech_explosion_fx_2","particle":"#2"},"elements":[{"from":[8.0,8.0,-0.5],"to":[8.0,30.666668,16.5],"faces":{"east":{"uv":[6.375,0.0,12.75,8.5],"tintindex":0,"rotation":0,"texture":"#2"},"west":{"uv":[6.375,0.0,12.75,8.5],"tintindex":0,"rotation":0,"texture":"#2"}}},{"from":[-0.5,8.0,8.0],"to":[16.5,30.666668,8.0],"faces":{"south":{"uv":[12.75,0.0,6.375,8.5],"tintindex":0,"rotation":0,"texture":"#2"},"north":{"uv":[12.75,0.0,6.375,8.5],"tintindex":0,"rotation":0,"texture":"#2"}}}],"display":{"head":{"rotation":[0.0,0.0,0.0]},"firstperson_righthand":{"rotation":[0.0,0.0,0.0]},"thirdperson_lefthand":{"rotation":[0.0,-0.0,-0.0]},"firstperson_lefthand":{"rotation":[0.0,-0.0,-0.0]},"fixed":{"rotation":[0.0,0.0,0.0]},"ground":{"rotation":[0.0,0.0,0.0]},"thirdperson_righthand":{"rotation":[0.0,0.0,0.0]},"gui":{"rotation":[-150.0,-45.0,180.0]}}}