{"textures":{"0":"modelengine:entity/pigling_mech","particle":"#0"},"elements":[{"from":[-3.0,4.6735535,4.9802017],"to":[19.0,11.300964,9.980202],"faces":{"east":{"uv":[0.21875,11.90625,0.375,12.125],"tintindex":0,"rotation":0,"texture":"#0"},"south":{"uv":[10.78125,1.40625,11.46875,1.625],"tintindex":0,"rotation":0,"texture":"#0"},"north":{"uv":[10.53125,2.21875,11.21875,2.4375],"tintindex":0,"rotation":0,"texture":"#0"},"west":{"uv":[1.03125,11.90625,1.1875,12.125],"tintindex":0,"rotation":0,"texture":"#0"},"up":{"uv":[11.96875,4.15625,11.28125,4.0],"tintindex":0,"rotation":0,"texture":"#0"},"down":{"uv":[11.96875,5.28125,11.28125,5.4375],"tintindex":0,"rotation":0,"texture":"#0"}},"rotation":{"origin":[8.0,7.987259,4.9802017],"angle":45.0,"axis":"z"}},{"from":[4.6862917,-3.012741,4.9802017],"to":[11.313708,18.987259,9.980202],"faces":{"east":{"uv":[2.5,7.09375,2.65625,7.78125],"tintindex":0,"rotation":0,"texture":"#0"},"south":{"uv":[1.5625,10.84375,1.78125,11.53125],"tintindex":0,"rotation":0,"texture":"#0"},"north":{"uv":[7.96875,10.53125,8.1875,11.21875],"tintindex":0,"rotation":0,"texture":"#0"},"west":{"uv":[0.34375,8.0625,0.5,8.75],"tintindex":0,"rotation":0,"texture":"#0"},"up":{"uv":[6.40625,8.4375,6.1875,8.28125],"tintindex":0,"rotation":0,"texture":"#0"},"down":{"uv":[8.65625,3.4375,8.4375,3.59375],"tintindex":0,"rotation":0,"texture":"#0"}},"rotation":{"origin":[8.0,7.987259,4.9802017],"angle":45.0,"axis":"z"}},{"from":[0.0,0.050964355,10.079201],"to":[16.0,16.050964,10.079201],"faces":{"south":{"uv":[9.65625,0.90625,10.15625,1.40625],"tintindex":0,"rotation":0,"texture":"#0"},"north":{"uv":[9.625,6.40625,10.125,6.90625],"tintindex":0,"rotation":0,"texture":"#0"}}},{"from":[0.0,4.6735535,4.9802017],"to":[16.0,11.300964,9.980202],"faces":{"east":{"uv":[11.90625,1.125,12.0625,1.34375],"tintindex":0,"rotation":0,"texture":"#0"},"south":{"uv":[11.21875,8.65625,11.71875,8.875],"tintindex":0,"rotation":0,"texture":"#0"},"north":{"uv":[11.21875,2.21875,11.71875,2.4375],"tintindex":0,"rotation":0,"texture":"#0"},"west":{"uv":[1.1875,11.90625,1.34375,12.125],"tintindex":0,"rotation":0,"texture":"#0"},"up":{"uv":[8.6875,7.75,8.1875,7.59375],"tintindex":0,"rotation":0,"texture":"#0"},"down":{"uv":[10.96875,7.75,10.46875,7.90625],"tintindex":0,"rotation":0,"texture":"#0"}}},{"from":[4.6862917,-0.012741089,4.9802017],"to":[11.313708,15.987259,9.980202],"faces":{"east":{"uv":[10.4375,11.46875,10.59375,11.96875],"tintindex":0,"rotation":0,"texture":"#0"},"south":{"uv":[3.6875,11.125,3.90625,11.625],"tintindex":0,"rotation":0,"texture":"#0"},"north":{"uv":[7.3125,11.09375,7.53125,11.59375],"tintindex":0,"rotation":0,"texture":"#0"},"west":{"uv":[10.59375,11.46875,10.75,11.96875],"tintindex":0,"rotation":0,"texture":"#0"},"up":{"uv":[8.53125,8.96875,8.3125,8.8125],"tintindex":0,"rotation":0,"texture":"#0"},"down":{"uv":[10.3125,2.65625,10.09375,2.8125],"tintindex":0,"rotation":0,"texture":"#0"}}}],"display":{"head":{"rotation":[0.0,0.0,0.0]},"firstperson_righthand":{"rotation":[0.0,0.0,0.0]},"thirdperson_lefthand":{"rotation":[0.0,-0.0,-0.0]},"firstperson_lefthand":{"rotation":[0.0,-0.0,-0.0]},"fixed":{"rotation":[0.0,0.0,0.0]},"ground":{"rotation":[0.0,0.0,0.0]},"thirdperson_righthand":{"rotation":[0.0,0.0,0.0]},"gui":{"rotation":[-150.0,-45.0,180.0]}}}