{"textures":{"0":"modelengine:entity/lr_owlbear","particle":"#0"},"elements":[{"from":[6.0,5.0,0.0],"to":[10.0,11.0,8.0],"faces":{"east":{"uv":[5.09375,1.75,5.34375,1.9375],"tintindex":0,"rotation":0,"texture":"#0"},"south":{"uv":[1.96875,7.25,2.09375,7.4375],"tintindex":0,"rotation":0,"texture":"#0"},"north":{"uv":[5.875,1.75,6.0,1.9375],"tintindex":0,"rotation":0,"texture":"#0"},"west":{"uv":[5.34375,1.75,5.59375,1.9375],"tintindex":0,"rotation":0,"texture":"#0"},"up":{"uv":[2.09375,7.25,1.96875,7.0],"tintindex":0,"rotation":0,"texture":"#0"},"down":{"uv":[8.40625,1.3125,8.28125,1.5625],"tintindex":0,"rotation":0,"texture":"#0"}}},{"from":[6.0,3.0,0.0],"to":[10.0,5.0,0.0],"faces":{"south":{"uv":[6.0,4.375,6.125,4.4375],"tintindex":0,"rotation":0,"texture":"#0"},"north":{"uv":[2.8125,5.96875,2.9375,6.03125],"tintindex":0,"rotation":0,"texture":"#0"}}}],"display":{"head":{"rotation":[0.0,0.0,0.0]},"firstperson_righthand":{"rotation":[0.0,0.0,0.0]},"thirdperson_lefthand":{"rotation":[0.0,-0.0,-0.0]},"firstperson_lefthand":{"rotation":[0.0,-0.0,-0.0]},"fixed":{"rotation":[0.0,0.0,0.0]},"ground":{"rotation":[0.0,0.0,0.0]},"thirdperson_righthand":{"rotation":[0.0,0.0,0.0]},"gui":{"rotation":[-150.0,-45.0,180.0]}}}