{"textures":{"0":"modelengine:entity/lr_owlbear","particle":"#0"},"elements":[{"from":[-0.5,1.5,-7.0],"to":[16.5,22.5,8.0],"faces":{"east":{"uv":[0.9375,3.59375,0.0,4.90625],"tintindex":0,"rotation":0,"texture":"#0"},"south":{"uv":[1.0625,2.28125,2.125,3.59375],"tintindex":0,"rotation":0,"texture":"#0"},"north":{"uv":[0.0,2.28125,1.0625,3.59375],"tintindex":0,"rotation":0,"texture":"#0"},"west":{"uv":[0.0,3.59375,0.9375,4.90625],"tintindex":0,"rotation":0,"texture":"#0"},"up":{"uv":[4.0,5.46875,2.9375,4.53125],"tintindex":0,"rotation":0,"texture":"#0"},"down":{"uv":[2.0,4.5625,0.9375,5.5],"tintindex":0,"rotation":0,"texture":"#0"}}},{"from":[7.5,1.5,8.0],"to":[7.5,24.0,14.5],"faces":{"east":{"uv":[4.21875,5.6875,4.625,7.09375],"tintindex":0,"rotation":0,"texture":"#0"},"west":{"uv":[4.625,5.6875,5.03125,7.09375],"tintindex":0,"rotation":0,"texture":"#0"}}}],"display":{"head":{"rotation":[0.0,0.0,0.0]},"firstperson_righthand":{"rotation":[0.0,0.0,0.0]},"thirdperson_lefthand":{"rotation":[0.0,-0.0,-0.0]},"firstperson_lefthand":{"rotation":[0.0,-0.0,-0.0]},"fixed":{"rotation":[0.0,0.0,0.0]},"ground":{"rotation":[0.0,0.0,0.0]},"thirdperson_righthand":{"rotation":[0.0,0.0,0.0]},"gui":{"rotation":[-150.0,-45.0,180.0]}}}