{"textures":{"2":"modelengine:entity/lr_owlbear_eeth","particle":"#2"},"elements":[{"from":[-0.33333397,-11.0,4.817403],"to":[10.333334,-11.0,11.182597],"faces":{"up":{"uv":[6.0,8.3125,4.0,7.125],"tintindex":0,"rotation":0,"texture":"#2"},"down":{"uv":[6.0,7.125,4.0,8.3125],"tintindex":0,"rotation":0,"texture":"#2"}},"rotation":{"origin":[2.333333,5.0,8.0],"angle":22.5,"axis":"x"}},{"from":[-0.33333397,1.8174024,-8.0],"to":[10.333334,8.182598,-8.0],"faces":{"south":{"uv":[2.0,8.3125,0.0,9.5],"tintindex":0,"rotation":0,"texture":"#2"},"north":{"uv":[0.0,8.3125,2.0,9.5],"tintindex":0,"rotation":0,"texture":"#2"}}},{"from":[-0.33333397,-11.0,4.817403],"to":[10.333334,-11.0,11.182597],"faces":{"up":{"uv":[6.0,7.125,4.0,8.3125],"tintindex":0,"rotation":0,"texture":"#2"},"down":{"uv":[6.0,8.3125,4.0,7.125],"tintindex":0,"rotation":0,"texture":"#2"}},"rotation":{"origin":[2.333333,5.0,8.0],"angle":-22.5,"axis":"x"}},{"from":[-0.33333397,1.8174024,24.0],"to":[10.333334,8.182598,24.0],"faces":{"south":{"uv":[2.0,3.5625,0.0,4.75],"tintindex":0,"rotation":0,"texture":"#2"},"north":{"uv":[0.0,3.5625,2.0,4.75],"tintindex":0,"rotation":0,"texture":"#2"}},"rotation":{"origin":[2.333333,5.0,8.0],"angle":22.5,"axis":"x"}},{"from":[-0.33333397,-11.0,4.817403],"to":[10.333334,-11.0,11.182597],"faces":{"up":{"uv":[2.0,8.3125,0.0,7.125],"tintindex":0,"rotation":0,"texture":"#2"},"down":{"uv":[2.0,7.125,0.0,8.3125],"tintindex":0,"rotation":0,"texture":"#2"}}},{"from":[-0.33333397,1.8174024,-8.0],"to":[10.333334,8.182598,-8.0],"faces":{"south":{"uv":[2.0,3.5625,0.0,4.75],"tintindex":0,"rotation":0,"texture":"#2"},"north":{"uv":[0.0,3.5625,2.0,4.75],"tintindex":0,"rotation":0,"texture":"#2"}},"rotation":{"origin":[2.333333,5.0,8.0],"angle":-22.5,"axis":"x"}},{"from":[-0.33333397,1.8174024,24.0],"to":[10.333334,8.182598,24.0],"faces":{"south":{"uv":[2.0,8.3125,0.0,9.5],"tintindex":0,"rotation":0,"texture":"#2"},"north":{"uv":[0.0,8.3125,2.0,9.5],"tintindex":0,"rotation":0,"texture":"#2"}}},{"from":[-0.33333397,1.8174024,24.0],"to":[10.333334,8.182598,24.0],"faces":{"south":{"uv":[4.9375,1.1875,2.9375,2.375],"tintindex":0,"rotation":0,"texture":"#2"},"north":{"uv":[2.9375,1.1875,4.9375,2.375],"tintindex":0,"rotation":0,"texture":"#2"}},"rotation":{"origin":[2.333333,5.0,8.0],"angle":45.0,"axis":"x"}},{"from":[-0.33333397,1.8174024,-8.0],"to":[10.333334,8.182598,-8.0],"faces":{"south":{"uv":[4.9375,1.1875,2.9375,2.375],"tintindex":0,"rotation":0,"texture":"#2"},"north":{"uv":[2.9375,1.1875,4.9375,2.375],"tintindex":0,"rotation":0,"texture":"#2"}},"rotation":{"origin":[2.333333,5.0,8.0],"angle":-45.0,"axis":"x"}}],"display":{"head":{"rotation":[0.0,0.0,0.0]},"firstperson_righthand":{"rotation":[0.0,0.0,0.0]},"thirdperson_lefthand":{"rotation":[0.0,-0.0,-0.0]},"firstperson_lefthand":{"rotation":[0.0,-0.0,-0.0]},"fixed":{"rotation":[0.0,0.0,0.0]},"ground":{"rotation":[0.0,0.0,0.0]},"thirdperson_righthand":{"rotation":[0.0,0.0,0.0]},"gui":{"rotation":[-150.0,-45.0,180.0]}}}