{"textures":{"0":"modelengine:entity/lr_owlbear","particle":"#0"},"elements":[{"from":[-3.4995003,-5.9573326,-8.364866],"to":[19.5005,-1.4573326,-8.364866],"faces":{"south":{"uv":[6.40625,2.96875,7.84375,3.25],"tintindex":0,"rotation":0,"texture":"#0"},"north":{"uv":[6.40625,2.6875,7.84375,2.96875],"tintindex":0,"rotation":0,"texture":"#0"}}},{"from":[-2.2495003,-5.084423,-11.109896],"to":[18.2505,3.915577,-11.109896],"faces":{"south":{"uv":[2.9375,5.46875,4.21875,6.03125],"tintindex":0,"rotation":0,"texture":"#0"},"north":{"uv":[5.09375,1.1875,6.375,1.75],"tintindex":0,"rotation":0,"texture":"#0"}}},{"from":[7.75,-5.125824,-11.076561],"to":[7.75,3.874176,-6.576561],"faces":{"east":{"uv":[2.5,7.46875,2.78125,8.03125],"tintindex":0,"rotation":0,"texture":"#0"},"west":{"uv":[6.1875,7.5625,6.46875,8.125],"tintindex":0,"rotation":0,"texture":"#0"}}},{"from":[7.501,10.791405,-5.0333347],"to":[7.501,16.791405,6.466665],"faces":{"east":{"uv":[5.6875,7.1875,6.40625,7.5625],"tintindex":0,"rotation":0,"texture":"#0"},"west":{"uv":[0.34375,7.28125,1.0625,7.65625],"tintindex":0,"rotation":0,"texture":"#0"}},"rotation":{"origin":[8.0005,5.5414047,0.21666479],"angle":22.5,"axis":"x"}},{"from":[-2.2495003,3.5672302,-10.965605],"to":[18.2505,9.56723,1.0343952],"faces":{"east":{"uv":[6.96875,3.96875,7.71875,4.34375],"tintindex":0,"rotation":0,"texture":"#0"},"south":{"uv":[5.6875,4.0,6.96875,4.375],"tintindex":0,"rotation":0,"texture":"#0"},"north":{"uv":[5.6875,3.625,6.96875,4.0],"tintindex":0,"rotation":0,"texture":"#0"},"west":{"uv":[4.9375,7.1875,5.6875,7.5625],"tintindex":0,"rotation":0,"texture":"#0"},"up":{"uv":[6.03125,2.6875,4.75,1.9375],"tintindex":0,"rotation":0,"texture":"#0"},"down":{"uv":[6.34375,4.4375,5.0625,5.1875],"tintindex":0,"rotation":0,"texture":"#0"}},"rotation":{"origin":[8.0005,6.56723,-4.215605],"angle":-45.0,"axis":"x"}},{"from":[-3.4995003,-4.2085953,-5.0333347],"to":[19.5005,10.791405,6.466665],"faces":{"east":{"uv":[6.40625,2.6875,5.6875,3.625],"tintindex":0,"rotation":0,"texture":"#0"},"south":{"uv":[2.5,0.0,3.9375,0.9375],"tintindex":0,"rotation":0,"texture":"#0"},"north":{"uv":[2.125,2.28125,3.5625,3.21875],"tintindex":0,"rotation":0,"texture":"#0"},"west":{"uv":[5.6875,2.6875,6.40625,3.625],"tintindex":0,"rotation":0,"texture":"#0"},"up":{"uv":[5.6875,3.71875,4.25,3.0],"tintindex":0,"rotation":0,"texture":"#0"},"down":{"uv":[5.6875,3.71875,4.25,4.4375],"tintindex":0,"rotation":0,"texture":"#0"}},"rotation":{"origin":[8.0005,5.5414047,0.21666479],"angle":22.5,"axis":"x"}},{"from":[-2.2495003,14.218143,-2.9859953],"to":[18.2505,14.218143,6.5140047],"faces":{"up":{"uv":[6.375,0.59375,5.09375,0.0],"tintindex":0,"rotation":0,"texture":"#0"},"down":{"uv":[6.375,0.59375,5.09375,1.1875],"tintindex":0,"rotation":0,"texture":"#0"}},"rotation":{"origin":[8.0005,14.218143,1.7640047],"angle":-22.5,"axis":"x"}}],"display":{"head":{"rotation":[0.0,0.0,0.0]},"firstperson_righthand":{"rotation":[0.0,0.0,0.0]},"thirdperson_lefthand":{"rotation":[0.0,-0.0,-0.0]},"firstperson_lefthand":{"rotation":[0.0,-0.0,-0.0]},"fixed":{"rotation":[0.0,0.0,0.0]},"ground":{"rotation":[0.0,0.0,0.0]},"thirdperson_righthand":{"rotation":[0.0,0.0,0.0]},"gui":{"rotation":[-150.0,-45.0,180.0]}}}