{"textures":{"0":"modelengine:entity/lr_owlbear","particle":"#0"},"elements":[{"from":[-3.5,23.855179,-2.7827578],"to":[-0.5,23.855179,10.217241],"faces":{"up":{"uv":[2.90625,5.96875,2.8125,5.5625],"tintindex":0,"rotation":0,"texture":"#0"},"down":{"uv":[2.0625,6.59375,1.96875,7.0],"tintindex":0,"rotation":0,"texture":"#0"}},"rotation":{"origin":[8.5,19.355179,3.7172413],"angle":-22.5,"axis":"x"}},{"from":[17.5,23.856102,-2.7831411],"to":[20.5,23.856102,10.216859],"faces":{"up":{"uv":[2.09375,4.96875,2.0,4.5625],"tintindex":0,"rotation":0,"texture":"#0"},"down":{"uv":[2.09375,4.96875,2.0,5.375],"tintindex":0,"rotation":0,"texture":"#0"}},"rotation":{"origin":[8.5,19.356102,3.7168589],"angle":-22.5,"axis":"x"}},{"from":[-0.5,3.856102,-0.78314114],"to":[17.5,21.856102,14.216859],"faces":{"east":{"uv":[1.0625,7.28125,1.53125,7.84375],"tintindex":0,"rotation":0,"texture":"#0"},"south":{"uv":[6.96875,2.0625,7.53125,2.625],"tintindex":0,"rotation":0,"texture":"#0"},"north":{"uv":[6.96875,1.5,7.53125,2.0625],"tintindex":0,"rotation":0,"texture":"#0"},"west":{"uv":[7.28125,4.9375,7.75,5.5],"tintindex":0,"rotation":0,"texture":"#0"},"up":{"uv":[7.4375,7.78125,6.875,7.3125],"tintindex":0,"rotation":0,"texture":"#0"},"down":{"uv":[7.90625,5.5,7.34375,5.96875],"tintindex":0,"rotation":0,"texture":"#0"}}},{"from":[-1.824338,-4.143898,-4.557929],"to":[10.175662,5.856102,-4.557929],"faces":{"south":{"uv":[4.65625,8.03125,5.03125,8.34375],"tintindex":0,"rotation":0,"texture":"#0"},"north":{"uv":[2.3125,8.03125,2.6875,8.34375],"tintindex":0,"rotation":0,"texture":"#0"}},"rotation":{"origin":[4.675662,11.856102,-1.057929],"angle":22.5,"axis":"y"}},{"from":[17.6,3.856102,-0.78314114],"to":[17.6,26.856102,14.216859],"faces":{"east":{"uv":[6.8125,0.78125,7.28125,1.5],"tintindex":0,"rotation":0,"texture":"#0"},"west":{"uv":[6.8125,5.15625,7.28125,5.875],"tintindex":0,"rotation":0,"texture":"#0"}}},{"from":[-2.5,26.0,8.0],"to":[20.5,26.0,16.0],"faces":{"up":{"uv":[3.53125,2.28125,2.8125,2.03125],"tintindex":0,"rotation":0,"texture":"#0"},"down":{"uv":[5.46875,2.6875,4.75,2.9375],"tintindex":0,"rotation":0,"texture":"#0"}}},{"from":[6.6595535,-4.143898,-4.557929],"to":[18.659554,5.856102,-4.557929],"faces":{"south":{"uv":[1.34375,8.03125,1.71875,8.34375],"tintindex":0,"rotation":0,"texture":"#0"},"north":{"uv":[7.71875,8.0,8.09375,8.3125],"tintindex":0,"rotation":0,"texture":"#0"}},"rotation":{"origin":[12.159554,11.856102,-1.057929],"angle":-22.5,"axis":"y"}},{"from":[-8.668947,2.856102,-1.8040667],"to":[-2.6689463,17.856102,-1.8040667],"faces":{"south":{"uv":[8.09375,8.0,8.28125,8.46875],"tintindex":0,"rotation":0,"texture":"#0"},"north":{"uv":[3.3125,8.09375,3.5,8.5625],"tintindex":0,"rotation":0,"texture":"#0"}},"rotation":{"origin":[-2.6689463,10.356102,-1.8040667],"angle":45.0,"axis":"y"}},{"from":[-0.5,14.856102,-2.7831411],"to":[17.5,23.856102,10.216859],"faces":{"east":{"uv":[8.0,4.5,8.40625,4.78125],"tintindex":0,"rotation":0,"texture":"#0"},"south":{"uv":[7.71875,5.96875,8.28125,6.25],"tintindex":0,"rotation":0,"texture":"#0"},"north":{"uv":[7.71875,3.9375,8.28125,4.21875],"tintindex":0,"rotation":0,"texture":"#0"},"west":{"uv":[8.0625,0.0,8.46875,0.28125],"tintindex":0,"rotation":0,"texture":"#0"},"up":{"uv":[8.0625,0.40625,7.5,0.0],"tintindex":0,"rotation":0,"texture":"#0"},"down":{"uv":[8.09375,1.25,7.53125,1.65625],"tintindex":0,"rotation":0,"texture":"#0"}},"rotation":{"origin":[8.5,19.356102,3.7168589],"angle":-22.5,"axis":"x"}},{"from":[6.27687,5.856102,-4.6340494],"to":[18.27687,17.856102,2.3659496],"faces":{"east":{"uv":[3.5,8.125,3.71875,8.5],"tintindex":0,"rotation":0,"texture":"#0"},"south":{"uv":[7.75,3.53125,8.125,3.90625],"tintindex":0,"rotation":0,"texture":"#0"},"north":{"uv":[3.53125,7.75,3.90625,8.125],"tintindex":0,"rotation":0,"texture":"#0"},"west":{"uv":[8.125,3.53125,8.34375,3.90625],"tintindex":0,"rotation":0,"texture":"#0"},"up":{"uv":[3.3125,4.53125,2.9375,4.3125],"tintindex":0,"rotation":0,"texture":"#0"},"down":{"uv":[7.28125,4.9375,6.90625,5.15625],"tintindex":0,"rotation":0,"texture":"#0"}},"rotation":{"origin":[11.77687,11.856102,-0.13404942],"angle":-22.5,"axis":"y"}},{"from":[-1.4416542,5.856102,-4.6340494],"to":[10.558346,17.856102,2.3659496],"faces":{"east":{"uv":[3.71875,8.125,3.9375,8.5],"tintindex":0,"rotation":0,"texture":"#0"},"south":{"uv":[6.46875,7.78125,6.84375,8.15625],"tintindex":0,"rotation":0,"texture":"#0"},"north":{"uv":[7.75,4.78125,8.125,5.15625],"tintindex":0,"rotation":0,"texture":"#0"},"west":{"uv":[8.125,4.78125,8.34375,5.15625],"tintindex":0,"rotation":0,"texture":"#0"},"up":{"uv":[8.5,6.46875,8.125,6.25],"tintindex":0,"rotation":0,"texture":"#0"},"down":{"uv":[6.5625,8.15625,6.1875,8.375],"tintindex":0,"rotation":0,"texture":"#0"}},"rotation":{"origin":[5.058346,11.856102,-0.13404942],"angle":22.5,"axis":"y"}},{"from":[19.504162,2.856102,-1.8040667],"to":[25.504162,17.856102,-1.8040667],"faces":{"south":{"uv":[3.125,8.09375,3.3125,8.5625],"tintindex":0,"rotation":0,"texture":"#0"},"north":{"uv":[8.09375,1.15625,8.28125,1.625],"tintindex":0,"rotation":0,"texture":"#0"}},"rotation":{"origin":[19.504162,10.356102,-1.8040667],"angle":-45.0,"axis":"y"}},{"from":[-0.5999994,3.856102,-0.78314114],"to":[-0.5999994,26.856102,14.216859],"faces":{"east":{"uv":[6.875,5.875,7.34375,6.59375],"tintindex":0,"rotation":0,"texture":"#0"},"west":{"uv":[6.875,6.59375,7.34375,7.3125],"tintindex":0,"rotation":0,"texture":"#0"}}}],"display":{"head":{"rotation":[0.0,0.0,0.0]},"firstperson_righthand":{"rotation":[0.0,0.0,0.0]},"thirdperson_lefthand":{"rotation":[0.0,-0.0,-0.0]},"firstperson_lefthand":{"rotation":[0.0,-0.0,-0.0]},"fixed":{"rotation":[0.0,0.0,0.0]},"ground":{"rotation":[0.0,0.0,0.0]},"thirdperson_righthand":{"rotation":[0.0,0.0,0.0]},"gui":{"rotation":[-150.0,-45.0,180.0]}}}