{"textures":{"0":"modelengine:entity/lr_owlbear","particle":"#0"},"elements":[{"from":[6.5,5.0,2.0],"to":[9.5,8.0,8.0],"faces":{"east":{"uv":[4.0,1.9375,4.1875,2.03125],"tintindex":0,"rotation":0,"texture":"#0"},"south":{"uv":[6.375,6.09375,6.46875,6.1875],"tintindex":0,"rotation":0,"texture":"#0"},"north":{"uv":[2.0,5.375,2.09375,5.46875],"tintindex":0,"rotation":0,"texture":"#0"},"west":{"uv":[4.1875,1.9375,4.375,2.03125],"tintindex":0,"rotation":0,"texture":"#0"},"up":{"uv":[7.90625,7.1875,7.8125,7.0],"tintindex":0,"rotation":0,"texture":"#0"},"down":{"uv":[1.4375,7.84375,1.34375,8.03125],"tintindex":0,"rotation":0,"texture":"#0"}}}],"display":{"head":{"rotation":[0.0,0.0,0.0]},"firstperson_righthand":{"rotation":[0.0,0.0,0.0]},"thirdperson_lefthand":{"rotation":[0.0,-0.0,-0.0]},"firstperson_lefthand":{"rotation":[0.0,-0.0,-0.0]},"fixed":{"rotation":[0.0,0.0,0.0]},"ground":{"rotation":[0.0,0.0,0.0]},"thirdperson_righthand":{"rotation":[0.0,0.0,0.0]},"gui":{"rotation":[-150.0,-45.0,180.0]}}}