{"textures":{"0":"modelengine:entity/lr_owlbear","particle":"#0"},"elements":[{"from":[11.0,-1.0,4.0],"to":[19.0,8.0,18.0],"faces":{"east":{"uv":[7.90625,7.375,8.34375,7.65625],"tintindex":0,"rotation":0,"texture":"#0"},"south":{"uv":[6.5625,8.15625,6.8125,8.4375],"tintindex":0,"rotation":0,"texture":"#0"},"north":{"uv":[2.5,0.9375,2.75,1.21875],"tintindex":0,"rotation":0,"texture":"#0"},"west":{"uv":[8.0,4.21875,8.4375,4.5],"tintindex":0,"rotation":0,"texture":"#0"},"up":{"uv":[1.96875,8.46875,1.71875,8.03125],"tintindex":0,"rotation":0,"texture":"#0"},"down":{"uv":[7.375,8.03125,7.125,8.46875],"tintindex":0,"rotation":0,"texture":"#0"}}},{"from":[15.0,-7.0,4.0],"to":[15.0,8.0,18.0],"faces":{"east":{"uv":[1.53125,7.5625,1.96875,8.03125],"tintindex":0,"rotation":0,"texture":"#0"},"west":{"uv":[4.9375,7.5625,5.375,8.03125],"tintindex":0,"rotation":0,"texture":"#0"}}}],"display":{"head":{"rotation":[0.0,0.0,0.0]},"firstperson_righthand":{"rotation":[0.0,0.0,0.0]},"thirdperson_lefthand":{"rotation":[0.0,-0.0,-0.0]},"firstperson_lefthand":{"rotation":[0.0,-0.0,-0.0]},"fixed":{"rotation":[0.0,0.0,0.0]},"ground":{"rotation":[0.0,0.0,0.0]},"thirdperson_righthand":{"rotation":[0.0,0.0,0.0]},"gui":{"rotation":[-150.0,-45.0,180.0]}}}