{"textures":{"0":"modelengine:entity/lr_owlbear","particle":"#0"},"elements":[{"from":[8.0,-9.0,8.0],"to":[19.0,3.0,8.0],"faces":{"south":{"uv":[1.96875,7.90625,2.3125,8.28125],"tintindex":0,"rotation":0,"texture":"#0"},"north":{"uv":[7.84375,2.84375,8.1875,3.21875],"tintindex":0,"rotation":0,"texture":"#0"}}},{"from":[8.0,-1.0,7.0],"to":[13.0,8.0,9.0],"faces":{"east":{"uv":[5.625,2.6875,5.6875,2.96875],"tintindex":0,"rotation":0,"texture":"#0"},"south":{"uv":[0.15625,8.21875,0.3125,8.5],"tintindex":0,"rotation":0,"texture":"#0"},"north":{"uv":[0.0,8.21875,0.15625,8.5],"tintindex":0,"rotation":0,"texture":"#0"},"west":{"uv":[6.40625,7.1875,6.46875,7.46875],"tintindex":0,"rotation":0,"texture":"#0"},"up":{"uv":[4.90625,3.0,4.75,2.9375],"tintindex":0,"rotation":0,"texture":"#0"},"down":{"uv":[5.0625,2.9375,4.90625,3.0],"tintindex":0,"rotation":0,"texture":"#0"}}}],"display":{"head":{"rotation":[0.0,0.0,0.0]},"firstperson_righthand":{"rotation":[0.0,0.0,0.0]},"thirdperson_lefthand":{"rotation":[0.0,-0.0,-0.0]},"firstperson_lefthand":{"rotation":[0.0,-0.0,-0.0]},"fixed":{"rotation":[0.0,0.0,0.0]},"ground":{"rotation":[0.0,0.0,0.0]},"thirdperson_righthand":{"rotation":[0.0,0.0,0.0]},"gui":{"rotation":[-150.0,-45.0,180.0]}}}