{"textures":{"0":"modelengine:entity/lr_owlbear","particle":"#0"},"elements":[{"from":[5.0000005,-3.0213451,16.44527],"to":[5.0000005,7.978656,20.44527],"faces":{"east":{"uv":[4.0,4.53125,4.25,5.21875],"tintindex":0,"rotation":0,"texture":"#0"},"west":{"uv":[0.53125,5.84375,0.78125,6.53125],"tintindex":0,"rotation":0,"texture":"#0"}},"rotation":{"origin":[5.0000005,2.4786553,16.44527],"angle":22.5,"axis":"y"}},{"from":[5.0000005,-3.0213451,7.9452705],"to":[11.0,7.978656,16.44527],"faces":{"east":{"uv":[0.53125,6.59375,1.0625,7.28125],"tintindex":0,"rotation":0,"texture":"#0"},"south":{"uv":[7.375,3.25,7.75,3.9375],"tintindex":0,"rotation":0,"texture":"#0"},"north":{"uv":[7.34375,5.96875,7.71875,6.65625],"tintindex":0,"rotation":0,"texture":"#0"},"west":{"uv":[1.0625,6.59375,1.59375,7.28125],"tintindex":0,"rotation":0,"texture":"#0"},"up":{"uv":[0.71875,8.1875,0.34375,7.65625],"tintindex":0,"rotation":0,"texture":"#0"},"down":{"uv":[4.3125,7.65625,3.9375,8.1875],"tintindex":0,"rotation":0,"texture":"#0"}}}],"display":{"head":{"rotation":[0.0,0.0,0.0]},"firstperson_righthand":{"rotation":[0.0,0.0,0.0]},"thirdperson_lefthand":{"rotation":[0.0,-0.0,-0.0]},"firstperson_lefthand":{"rotation":[0.0,-0.0,-0.0]},"fixed":{"rotation":[0.0,0.0,0.0]},"ground":{"rotation":[0.0,0.0,0.0]},"thirdperson_righthand":{"rotation":[0.0,0.0,0.0]},"gui":{"rotation":[-150.0,-45.0,180.0]}}}