{"textures":{"0":"modelengine:entity/lr_owlbear","particle":"#0"},"elements":[{"from":[3.6211739,-4.75,11.120967],"to":[3.6211739,10.75,17.120968],"faces":{"east":{"uv":[1.59375,6.59375,1.96875,7.5625],"tintindex":0,"rotation":0,"texture":"#0"},"west":{"uv":[6.59375,1.71875,6.96875,2.6875],"tintindex":0,"rotation":0,"texture":"#0"}},"rotation":{"origin":[3.6211739,3.0,14.120967],"angle":45.0,"axis":"y"}},{"from":[1.4995003,11.897587,11.77183],"to":[7.9995003,11.897587,17.771832],"faces":{"up":{"uv":[3.53125,8.09375,3.125,7.71875],"tintindex":0,"rotation":0,"texture":"#0"},"down":{"uv":[8.125,6.25,7.71875,6.625],"tintindex":0,"rotation":0,"texture":"#0"}},"rotation":{"origin":[4.7495003,11.897587,14.771831],"angle":-22.5,"axis":"x"}},{"from":[1.5,0.25,12.0],"to":[1.5,17.75,22.5],"faces":{"east":{"uv":[0.78125,5.5,1.4375,6.59375],"tintindex":0,"rotation":0,"texture":"#0"},"west":{"uv":[1.4375,5.5,2.09375,6.59375],"tintindex":0,"rotation":0,"texture":"#0"}}},{"from":[0.54325294,-4.75,11.80989],"to":[0.54325294,10.75,16.80989],"faces":{"east":{"uv":[2.5,6.5,2.8125,7.46875],"tintindex":0,"rotation":0,"texture":"#0"},"west":{"uv":[2.8125,6.96875,3.125,7.9375],"tintindex":0,"rotation":0,"texture":"#0"}},"rotation":{"origin":[0.54325294,3.0,14.309891],"angle":-22.5,"axis":"y"}},{"from":[1.4995003,-4.75,4.0],"to":[7.9995003,10.75,12.0],"faces":{"east":{"uv":[3.375,6.03125,3.875,7.0],"tintindex":0,"rotation":0,"texture":"#0"},"south":{"uv":[2.09375,6.5,2.5,7.46875],"tintindex":0,"rotation":0,"texture":"#0"},"north":{"uv":[6.46875,6.09375,6.875,7.0625],"tintindex":0,"rotation":0,"texture":"#0"},"west":{"uv":[5.03125,6.125,5.53125,7.09375],"tintindex":0,"rotation":0,"texture":"#0"},"up":{"uv":[5.78125,8.0625,5.375,7.5625],"tintindex":0,"rotation":0,"texture":"#0"},"down":{"uv":[6.1875,7.5625,5.78125,8.0625],"tintindex":0,"rotation":0,"texture":"#0"}}}],"display":{"head":{"rotation":[0.0,0.0,0.0]},"firstperson_righthand":{"rotation":[0.0,0.0,0.0]},"thirdperson_lefthand":{"rotation":[0.0,-0.0,-0.0]},"firstperson_lefthand":{"rotation":[0.0,-0.0,-0.0]},"fixed":{"rotation":[0.0,0.0,0.0]},"ground":{"rotation":[0.0,0.0,0.0]},"thirdperson_righthand":{"rotation":[0.0,0.0,0.0]},"gui":{"rotation":[-150.0,-45.0,180.0]}}}