{"textures":{"0":"modelengine:entity/lr_owlbear","particle":"#0"},"elements":[{"from":[8.0,-1.0,7.0],"to":[13.0,8.0,9.0],"faces":{"east":{"uv":[3.9375,0.28125,4.0,0.5625],"tintindex":0,"rotation":0,"texture":"#0"},"south":{"uv":[4.09375,8.1875,4.25,8.46875],"tintindex":0,"rotation":0,"texture":"#0"},"north":{"uv":[3.9375,8.1875,4.09375,8.46875],"tintindex":0,"rotation":0,"texture":"#0"},"west":{"uv":[3.9375,0.5625,4.0,0.84375],"tintindex":0,"rotation":0,"texture":"#0"},"up":{"uv":[4.53125,2.0,4.375,1.9375],"tintindex":0,"rotation":0,"texture":"#0"},"down":{"uv":[4.6875,1.9375,4.53125,2.0],"tintindex":0,"rotation":0,"texture":"#0"}}},{"from":[8.0,-9.0,8.0],"to":[19.0,3.0,8.0],"faces":{"south":{"uv":[7.84375,2.46875,8.1875,2.84375],"tintindex":0,"rotation":0,"texture":"#0"},"north":{"uv":[1.0,7.84375,1.34375,8.21875],"tintindex":0,"rotation":0,"texture":"#0"}}}],"display":{"head":{"rotation":[0.0,0.0,0.0]},"firstperson_righthand":{"rotation":[0.0,0.0,0.0]},"thirdperson_lefthand":{"rotation":[0.0,-0.0,-0.0]},"firstperson_lefthand":{"rotation":[0.0,-0.0,-0.0]},"fixed":{"rotation":[0.0,0.0,0.0]},"ground":{"rotation":[0.0,0.0,0.0]},"thirdperson_righthand":{"rotation":[0.0,0.0,0.0]},"gui":{"rotation":[-150.0,-45.0,180.0]}}}