{"textures":{"0":"modelengine:entity/lr_owlbear","particle":"#0"},"elements":[{"from":[0.0,-1.4748735,-4.4748745],"to":[16.0,5.5251265,-4.4748745],"faces":{"south":{"uv":[8.0625,0.28125,8.5625,0.5],"tintindex":0,"rotation":0,"texture":"#0"},"north":{"uv":[3.5625,3.0,4.0625,3.21875],"tintindex":0,"rotation":0,"texture":"#0"}},"rotation":{"origin":[8.0,2.0251265,-4.4748745],"angle":45.0,"axis":"x"}},{"from":[8.0,-0.5,16.0],"to":[8.0,9.5,21.0],"faces":{"east":{"uv":[0.78125,4.90625,0.9375,5.21875],"tintindex":0,"rotation":0,"texture":"#0"},"west":{"uv":[5.46875,2.6875,5.625,3.0],"tintindex":0,"rotation":0,"texture":"#0"}}},{"from":[0.0,-0.5,-2.0],"to":[16.0,8.5,16.0],"faces":{"east":{"uv":[6.40625,3.25,6.96875,3.53125],"tintindex":0,"rotation":0,"texture":"#0"},"south":{"uv":[7.75,3.25,8.25,3.53125],"tintindex":0,"rotation":0,"texture":"#0"},"north":{"uv":[7.71875,7.71875,8.21875,8.0],"tintindex":0,"rotation":0,"texture":"#0"},"west":{"uv":[4.3125,7.65625,4.875,7.9375],"tintindex":0,"rotation":0,"texture":"#0"},"up":{"uv":[4.4375,7.65625,3.9375,7.09375],"tintindex":0,"rotation":0,"texture":"#0"},"down":{"uv":[4.9375,7.09375,4.4375,7.65625],"tintindex":0,"rotation":0,"texture":"#0"}}}],"display":{"head":{"rotation":[0.0,0.0,0.0]},"firstperson_righthand":{"rotation":[0.0,0.0,0.0]},"thirdperson_lefthand":{"rotation":[0.0,-0.0,-0.0]},"firstperson_lefthand":{"rotation":[0.0,-0.0,-0.0]},"fixed":{"rotation":[0.0,0.0,0.0]},"ground":{"rotation":[0.0,0.0,0.0]},"thirdperson_righthand":{"rotation":[0.0,0.0,0.0]},"gui":{"rotation":[-150.0,-45.0,180.0]}}}