{"textures":{"0":"modelengine:entity/lr_owlbear","particle":"#0"},"elements":[{"from":[8.0,-9.0,8.0],"to":[19.0,3.0,8.0],"faces":{"south":{"uv":[4.3125,7.9375,4.65625,8.3125],"tintindex":0,"rotation":0,"texture":"#0"},"north":{"uv":[2.78125,7.9375,3.125,8.3125],"tintindex":0,"rotation":0,"texture":"#0"}}},{"from":[8.0,-1.0,7.0],"to":[13.0,8.0,9.0],"faces":{"east":{"uv":[4.875,7.65625,4.9375,7.9375],"tintindex":0,"rotation":0,"texture":"#0"},"south":{"uv":[8.25,3.1875,8.40625,3.46875],"tintindex":0,"rotation":0,"texture":"#0"},"north":{"uv":[8.21875,7.65625,8.375,7.9375],"tintindex":0,"rotation":0,"texture":"#0"},"west":{"uv":[7.375,7.78125,7.4375,8.0625],"tintindex":0,"rotation":0,"texture":"#0"},"up":{"uv":[5.84375,4.4375,5.6875,4.375],"tintindex":0,"rotation":0,"texture":"#0"},"down":{"uv":[6.0,4.375,5.84375,4.4375],"tintindex":0,"rotation":0,"texture":"#0"}}}],"display":{"head":{"rotation":[0.0,0.0,0.0]},"firstperson_righthand":{"rotation":[0.0,0.0,0.0]},"thirdperson_lefthand":{"rotation":[0.0,-0.0,-0.0]},"firstperson_lefthand":{"rotation":[0.0,-0.0,-0.0]},"fixed":{"rotation":[0.0,0.0,0.0]},"ground":{"rotation":[0.0,0.0,0.0]},"thirdperson_righthand":{"rotation":[0.0,0.0,0.0]},"gui":{"rotation":[-150.0,-45.0,180.0]}}}