{"textures":{"0":"modelengine:entity/lr_owlbear","particle":"#0"},"elements":[{"from":[-1.5032845,8.183208,8.812426],"to":[3.4967155,11.683208,8.812426],"faces":{"south":{"uv":[7.53125,2.46875,7.84375,2.6875],"tintindex":0,"rotation":0,"texture":"#0"},"north":{"uv":[6.9375,0.5625,7.25,0.78125],"tintindex":0,"rotation":0,"texture":"#0"}},"rotation":{"origin":[-0.50328445,9.933208,8.812426],"angle":22.5,"axis":"x"}},{"from":[-1.0032845,8.049999,6.9821215],"to":[3.4967155,8.049999,9.482121],"faces":{"up":{"uv":[5.875,1.90625,5.59375,1.75],"tintindex":0,"rotation":0,"texture":"#0"},"down":{"uv":[7.75,4.78125,7.46875,4.9375],"tintindex":0,"rotation":0,"texture":"#0"}}},{"from":[-2.5032845,8.049999,6.9821215],"to":[3.4967155,11.549999,6.9821215],"faces":{"south":{"uv":[8.15625,6.6875,8.53125,6.90625],"tintindex":0,"rotation":0,"texture":"#0"},"north":{"uv":[8.15625,6.46875,8.53125,6.6875],"tintindex":0,"rotation":0,"texture":"#0"}}},{"from":[-9.236862,8.049999,8.321513],"to":[-2.2368631,11.549999,8.321513],"faces":{"south":{"uv":[8.0625,2.09375,8.5,2.3125],"tintindex":0,"rotation":0,"texture":"#0"},"north":{"uv":[8.0625,1.875,8.5,2.09375],"tintindex":0,"rotation":0,"texture":"#0"}},"rotation":{"origin":[-5.736863,9.799999,8.321513],"angle":22.5,"axis":"y"}},{"from":[-1.5032845,11.549999,6.9821215],"to":[5.9967155,15.049999,6.9821215],"faces":{"south":{"uv":[8.0625,0.71875,8.53125,0.9375],"tintindex":0,"rotation":0,"texture":"#0"},"north":{"uv":[8.0625,0.5,8.53125,0.71875],"tintindex":0,"rotation":0,"texture":"#0"}},"rotation":{"origin":[4.2467155,11.549999,6.9821215],"angle":22.5,"axis":"x"}},{"from":[3.4967155,8.049999,6.9821215],"to":[7.4967155,11.549999,9.482121],"faces":{"east":{"uv":[4.0625,3.0,4.21875,3.21875],"tintindex":0,"rotation":0,"texture":"#0"},"south":{"uv":[7.28125,1.25,7.53125,1.46875],"tintindex":0,"rotation":0,"texture":"#0"},"north":{"uv":[4.0,5.21875,4.25,5.4375],"tintindex":0,"rotation":0,"texture":"#0"},"west":{"uv":[6.8125,1.5,6.96875,1.71875],"tintindex":0,"rotation":0,"texture":"#0"},"up":{"uv":[8.15625,5.9375,7.90625,5.78125],"tintindex":0,"rotation":0,"texture":"#0"},"down":{"uv":[8.40625,5.78125,8.15625,5.9375],"tintindex":0,"rotation":0,"texture":"#0"}}},{"from":[-0.0032844543,11.549999,6.9821215],"to":[3.4967155,11.549999,9.482121],"faces":{"up":{"uv":[8.46875,7.0625,8.25,6.90625],"tintindex":0,"rotation":0,"texture":"#0"},"down":{"uv":[8.46875,7.0625,8.25,7.21875],"tintindex":0,"rotation":0,"texture":"#0"}}}],"display":{"head":{"rotation":[0.0,0.0,0.0]},"firstperson_righthand":{"rotation":[0.0,0.0,0.0]},"thirdperson_lefthand":{"rotation":[0.0,-0.0,-0.0]},"firstperson_lefthand":{"rotation":[0.0,-0.0,-0.0]},"fixed":{"rotation":[0.0,0.0,0.0]},"ground":{"rotation":[0.0,0.0,0.0]},"thirdperson_righthand":{"rotation":[0.0,0.0,0.0]},"gui":{"rotation":[-150.0,-45.0,180.0]}}}