{"textures":{"0":"modelengine:entity/lr_owlbear","particle":"#0"},"elements":[{"from":[6.5,-2.5,1.0],"to":[15.5,12.5,13.5],"faces":{"east":{"uv":[5.84375,5.1875,5.0625,6.125],"tintindex":0,"rotation":0,"texture":"#0"},"south":{"uv":[3.375,6.03125,2.8125,6.96875],"tintindex":0,"rotation":0,"texture":"#0"},"north":{"uv":[6.59375,1.75,6.03125,2.6875],"tintindex":0,"rotation":0,"texture":"#0"},"west":{"uv":[0.78125,4.90625,0.0,5.84375],"tintindex":0,"rotation":0,"texture":"#0"},"up":{"uv":[6.34375,5.15625,6.90625,4.375],"tintindex":0,"rotation":0,"texture":"#0"},"down":{"uv":[6.375,0.0,6.9375,0.78125],"tintindex":0,"rotation":0,"texture":"#0"}}},{"from":[15.5,-8.0,1.0],"to":[15.5,-2.5,13.5],"faces":{"east":{"uv":[8.0625,0.90625,7.28125,1.25],"tintindex":0,"rotation":0,"texture":"#0"},"west":{"uv":[8.0625,0.5625,7.28125,0.90625],"tintindex":0,"rotation":0,"texture":"#0"}}},{"from":[15.5,-2.5,10.0],"to":[15.5,12.5,17.0],"faces":{"east":{"uv":[6.8125,5.15625,6.375,6.09375],"tintindex":0,"rotation":0,"texture":"#0"},"west":{"uv":[6.8125,0.78125,6.375,1.71875],"tintindex":0,"rotation":0,"texture":"#0"}},"rotation":{"origin":[15.5,5.0,10.0],"angle":22.5,"axis":"y"}}],"display":{"head":{"rotation":[0.0,0.0,0.0]},"firstperson_righthand":{"rotation":[0.0,0.0,0.0]},"thirdperson_lefthand":{"rotation":[0.0,-0.0,-0.0]},"firstperson_lefthand":{"rotation":[0.0,-0.0,-0.0]},"fixed":{"rotation":[0.0,0.0,0.0]},"ground":{"rotation":[0.0,0.0,0.0]},"thirdperson_righthand":{"rotation":[0.0,0.0,0.0]},"gui":{"rotation":[-150.0,-45.0,180.0]}}}