{"textures":{"0":"modelengine:entity/lr_owlbear","particle":"#0"},"elements":[{"from":[3.0,-1.0,6.9999995],"to":[8.0,8.0,9.0],"faces":{"east":{"uv":[7.34375,5.5,7.28125,5.78125],"tintindex":0,"rotation":0,"texture":"#0"},"south":{"uv":[1.28125,8.21875,1.125,8.5],"tintindex":0,"rotation":0,"texture":"#0"},"north":{"uv":[1.125,8.21875,0.96875,8.5],"tintindex":0,"rotation":0,"texture":"#0"},"west":{"uv":[1.59375,7.28125,1.53125,7.5625],"tintindex":0,"rotation":0,"texture":"#0"},"up":{"uv":[5.0625,3.0,5.21875,2.9375],"tintindex":0,"rotation":0,"texture":"#0"},"down":{"uv":[5.21875,2.9375,5.375,3.0],"tintindex":0,"rotation":0,"texture":"#0"}}},{"from":[-3.0,-9.0,8.0],"to":[8.0,3.0,8.0],"faces":{"south":{"uv":[8.25,7.0,7.90625,7.375],"tintindex":0,"rotation":0,"texture":"#0"},"north":{"uv":[8.25,5.40625,7.90625,5.78125],"tintindex":0,"rotation":0,"texture":"#0"}}}],"display":{"head":{"rotation":[0.0,0.0,0.0]},"firstperson_righthand":{"rotation":[0.0,0.0,0.0]},"thirdperson_lefthand":{"rotation":[0.0,-0.0,-0.0]},"firstperson_lefthand":{"rotation":[0.0,-0.0,-0.0]},"fixed":{"rotation":[0.0,0.0,0.0]},"ground":{"rotation":[0.0,0.0,0.0]},"thirdperson_righthand":{"rotation":[0.0,0.0,0.0]},"gui":{"rotation":[-150.0,-45.0,180.0]}}}