{"textures":{"0":"modelengine:entity/lr_owlbear","particle":"#0"},"elements":[{"from":[8.0005,11.897587,11.77183],"to":[14.5005,11.897587,17.771832],"faces":{"up":{"uv":[3.125,8.09375,3.53125,7.71875],"tintindex":0,"rotation":0,"texture":"#0"},"down":{"uv":[7.71875,6.25,8.125,6.625],"tintindex":0,"rotation":0,"texture":"#0"}},"rotation":{"origin":[11.2505,11.897587,14.771831],"angle":-22.5,"axis":"x"}},{"from":[8.0005,-4.75,4.0],"to":[14.5005,10.75,12.0],"faces":{"east":{"uv":[5.53125,6.125,5.03125,7.09375],"tintindex":0,"rotation":0,"texture":"#0"},"south":{"uv":[2.5,6.5,2.09375,7.46875],"tintindex":0,"rotation":0,"texture":"#0"},"north":{"uv":[6.875,6.09375,6.46875,7.0625],"tintindex":0,"rotation":0,"texture":"#0"},"west":{"uv":[3.875,6.03125,3.375,7.0],"tintindex":0,"rotation":0,"texture":"#0"},"up":{"uv":[5.375,8.0625,5.78125,7.5625],"tintindex":0,"rotation":0,"texture":"#0"},"down":{"uv":[5.78125,7.5625,6.1875,8.0625],"tintindex":0,"rotation":0,"texture":"#0"}}},{"from":[15.456747,-4.75,11.80989],"to":[15.456747,10.75,16.80989],"faces":{"east":{"uv":[3.125,6.96875,2.8125,7.9375],"tintindex":0,"rotation":0,"texture":"#0"},"west":{"uv":[2.8125,6.5,2.5,7.46875],"tintindex":0,"rotation":0,"texture":"#0"}},"rotation":{"origin":[15.456747,3.0,14.309891],"angle":22.5,"axis":"y"}},{"from":[14.5,0.25,12.0],"to":[14.5,17.75,22.5],"faces":{"east":{"uv":[2.09375,5.5,1.4375,6.59375],"tintindex":0,"rotation":0,"texture":"#0"},"west":{"uv":[1.4375,5.5,0.78125,6.59375],"tintindex":0,"rotation":0,"texture":"#0"}}},{"from":[12.378826,-4.75,11.120967],"to":[12.378826,10.75,17.120968],"faces":{"east":{"uv":[6.96875,1.71875,6.59375,2.6875],"tintindex":0,"rotation":0,"texture":"#0"},"west":{"uv":[1.96875,6.59375,1.59375,7.5625],"tintindex":0,"rotation":0,"texture":"#0"}},"rotation":{"origin":[12.378826,3.0,14.120967],"angle":-45.0,"axis":"y"}}],"display":{"head":{"rotation":[0.0,0.0,0.0]},"firstperson_righthand":{"rotation":[0.0,0.0,0.0]},"thirdperson_lefthand":{"rotation":[0.0,-0.0,-0.0]},"firstperson_lefthand":{"rotation":[0.0,-0.0,-0.0]},"fixed":{"rotation":[0.0,0.0,0.0]},"ground":{"rotation":[0.0,0.0,0.0]},"thirdperson_righthand":{"rotation":[0.0,0.0,0.0]},"gui":{"rotation":[-150.0,-45.0,180.0]}}}