{"textures":{"0":"modelengine:entity/lr_owlbear","particle":"#0"},"elements":[{"from":[3.0,-1.0,7.0],"to":[8.0,8.0,9.0],"faces":{"east":{"uv":[4.0,0.0,3.9375,0.28125],"tintindex":0,"rotation":0,"texture":"#0"},"south":{"uv":[0.5,6.84375,0.34375,7.125],"tintindex":0,"rotation":0,"texture":"#0"},"north":{"uv":[0.9375,5.21875,0.78125,5.5],"tintindex":0,"rotation":0,"texture":"#0"},"west":{"uv":[2.8125,0.9375,2.75,1.21875],"tintindex":0,"rotation":0,"texture":"#0"},"up":{"uv":[2.5,1.28125,2.65625,1.21875],"tintindex":0,"rotation":0,"texture":"#0"},"down":{"uv":[2.65625,1.21875,2.8125,1.28125],"tintindex":0,"rotation":0,"texture":"#0"}}},{"from":[-3.0,-9.0,8.0],"to":[8.0,3.0,8.0],"faces":{"south":{"uv":[0.34375,7.84375,0.0,8.21875],"tintindex":0,"rotation":0,"texture":"#0"},"north":{"uv":[8.15625,6.625,7.8125,7.0],"tintindex":0,"rotation":0,"texture":"#0"}}}],"display":{"head":{"rotation":[0.0,0.0,0.0]},"firstperson_righthand":{"rotation":[0.0,0.0,0.0]},"thirdperson_lefthand":{"rotation":[0.0,-0.0,-0.0]},"firstperson_lefthand":{"rotation":[0.0,-0.0,-0.0]},"fixed":{"rotation":[0.0,0.0,0.0]},"ground":{"rotation":[0.0,0.0,0.0]},"thirdperson_righthand":{"rotation":[0.0,0.0,0.0]},"gui":{"rotation":[-150.0,-45.0,180.0]}}}