{"textures":{"0":"modelengine:entity/lr_owlbear","particle":"#0"},"elements":[{"from":[18.236862,8.049999,8.321513],"to":[25.236862,11.549999,8.321513],"faces":{"south":{"uv":[5.75,8.0625,6.1875,8.28125],"tintindex":0,"rotation":0,"texture":"#0"},"north":{"uv":[5.3125,8.0625,5.75,8.28125],"tintindex":0,"rotation":0,"texture":"#0"}},"rotation":{"origin":[21.736862,9.799999,8.321513],"angle":-22.5,"axis":"y"}},{"from":[12.503284,11.549999,6.9821215],"to":[16.003284,11.549999,9.482121],"faces":{"up":{"uv":[8.46875,7.375,8.25,7.21875],"tintindex":0,"rotation":0,"texture":"#0"},"down":{"uv":[8.5,1.15625,8.28125,1.3125],"tintindex":0,"rotation":0,"texture":"#0"}}},{"from":[10.003284,11.549999,6.9821215],"to":[17.503284,15.049999,6.9821215],"faces":{"south":{"uv":[8.0625,1.65625,8.53125,1.875],"tintindex":0,"rotation":0,"texture":"#0"},"north":{"uv":[8.0625,0.9375,8.53125,1.15625],"tintindex":0,"rotation":0,"texture":"#0"}},"rotation":{"origin":[11.753284,11.549999,6.9821215],"angle":22.5,"axis":"x"}},{"from":[12.503284,8.049999,6.9821215],"to":[18.503284,11.549999,6.9821215],"faces":{"south":{"uv":[8.1875,2.3125,8.5625,2.53125],"tintindex":0,"rotation":0,"texture":"#0"},"north":{"uv":[0.34375,8.1875,0.71875,8.40625],"tintindex":0,"rotation":0,"texture":"#0"}}},{"from":[8.503284,8.049999,6.9821215],"to":[12.503284,11.549999,9.482121],"faces":{"east":{"uv":[7.375,8.25,7.53125,8.46875],"tintindex":0,"rotation":0,"texture":"#0"},"south":{"uv":[8.1875,2.96875,8.4375,3.1875],"tintindex":0,"rotation":0,"texture":"#0"},"north":{"uv":[0.71875,8.1875,0.96875,8.40625],"tintindex":0,"rotation":0,"texture":"#0"},"west":{"uv":[7.53125,8.25,7.6875,8.46875],"tintindex":0,"rotation":0,"texture":"#0"},"up":{"uv":[8.5,5.5625,8.25,5.40625],"tintindex":0,"rotation":0,"texture":"#0"},"down":{"uv":[8.5,5.5625,8.25,5.71875],"tintindex":0,"rotation":0,"texture":"#0"}}},{"from":[12.503284,8.183208,8.812426],"to":[17.503284,11.683208,8.812426],"faces":{"south":{"uv":[8.1875,2.75,8.5,2.96875],"tintindex":0,"rotation":0,"texture":"#0"},"north":{"uv":[8.1875,2.53125,8.5,2.75],"tintindex":0,"rotation":0,"texture":"#0"}},"rotation":{"origin":[16.503284,9.933208,8.812426],"angle":22.5,"axis":"x"}},{"from":[12.503284,8.049999,6.9821215],"to":[17.003284,8.049999,9.482121],"faces":{"up":{"uv":[7.78125,0.5625,7.5,0.40625],"tintindex":0,"rotation":0,"texture":"#0"},"down":{"uv":[8.0625,0.40625,7.78125,0.5625],"tintindex":0,"rotation":0,"texture":"#0"}}}],"display":{"head":{"rotation":[0.0,0.0,0.0]},"firstperson_righthand":{"rotation":[0.0,0.0,0.0]},"thirdperson_lefthand":{"rotation":[0.0,-0.0,-0.0]},"firstperson_lefthand":{"rotation":[0.0,-0.0,-0.0]},"fixed":{"rotation":[0.0,0.0,0.0]},"ground":{"rotation":[0.0,0.0,0.0]},"thirdperson_righthand":{"rotation":[0.0,0.0,0.0]},"gui":{"rotation":[-150.0,-45.0,180.0]}}}