{"textures":{"1":"modelengine:entity/lr_owlbear_slashfx","particle":"#1"},"elements":[{"from":[8.0,-9.666668,-9.666668],"to":[8.0,22.333334,22.333334],"faces":{"east":{"uv":[0.0,0.0,6.0,6.0],"tintindex":0,"rotation":0,"texture":"#1"},"west":{"uv":[6.0,0.0,0.0,6.0],"tintindex":0,"rotation":0,"texture":"#1"}}},{"from":[5.333333,4.817402,-8.0],"to":[10.666667,11.182597,-8.0],"faces":{"south":{"uv":[7.0,2.375,8.0,3.5625],"tintindex":0,"rotation":0,"texture":"#1"},"north":{"uv":[7.0,2.375,8.0,3.5625],"tintindex":0,"rotation":0,"texture":"#1"}},"rotation":{"origin":[8.0,8.0,8.0],"angle":45.0,"axis":"x"}},{"from":[5.333333,4.817402,-8.0],"to":[10.666667,11.182597,-8.0],"faces":{"south":{"uv":[7.0,0.0,8.0,1.1875],"tintindex":0,"rotation":0,"texture":"#1"},"north":{"uv":[7.0,0.0,8.0,1.1875],"tintindex":0,"rotation":0,"texture":"#1"}},"rotation":{"origin":[8.0,8.0,8.0],"angle":22.5,"axis":"x"}},{"from":[5.333333,4.817402,-8.0],"to":[10.666667,11.182597,-8.0],"faces":{"south":{"uv":[6.0,4.75,7.0,5.9375],"tintindex":0,"rotation":0,"texture":"#1"},"north":{"uv":[6.0,4.75,7.0,5.9375],"tintindex":0,"rotation":0,"texture":"#1"}}},{"from":[5.333333,-8.0,4.817403],"to":[10.666667,-8.0,11.182597],"faces":{"up":{"uv":[9.0,9.5,8.0,8.3125],"tintindex":0,"rotation":0,"texture":"#1"},"down":{"uv":[9.0,8.3125,8.0,9.5],"tintindex":0,"rotation":0,"texture":"#1"}}},{"from":[5.333333,4.817402,-8.0],"to":[10.666667,11.182597,-8.0],"faces":{"south":{"uv":[6.0,2.375,7.0,3.5625],"tintindex":0,"rotation":0,"texture":"#1"},"north":{"uv":[6.0,2.375,7.0,3.5625],"tintindex":0,"rotation":0,"texture":"#1"}},"rotation":{"origin":[8.0,8.0,8.0],"angle":-22.5,"axis":"x"}},{"from":[5.333333,4.817402,-8.0],"to":[10.666667,11.182597,-8.0],"faces":{"south":{"uv":[6.0,0.0,7.0,1.1875],"tintindex":0,"rotation":0,"texture":"#1"},"north":{"uv":[6.0,0.0,7.0,1.1875],"tintindex":0,"rotation":0,"texture":"#1"}},"rotation":{"origin":[8.0,8.0,8.0],"angle":-45.0,"axis":"x"}},{"from":[5.333333,-8.0,4.817403],"to":[10.666667,-8.0,11.182597],"faces":{"up":{"uv":[10.0,2.375,9.0,1.1875],"tintindex":0,"rotation":0,"texture":"#1"},"down":{"uv":[10.0,1.1875,9.0,2.375],"tintindex":0,"rotation":0,"texture":"#1"}},"rotation":{"origin":[8.0,8.0,8.0],"angle":22.5,"axis":"x"}}],"display":{"head":{"rotation":[0.0,0.0,0.0]},"firstperson_righthand":{"rotation":[0.0,0.0,0.0]},"thirdperson_lefthand":{"rotation":[0.0,-0.0,-0.0]},"firstperson_lefthand":{"rotation":[0.0,-0.0,-0.0]},"fixed":{"rotation":[0.0,0.0,0.0]},"ground":{"rotation":[0.0,0.0,0.0]},"thirdperson_righthand":{"rotation":[0.0,0.0,0.0]},"gui":{"rotation":[-150.0,-45.0,180.0]}}}