{"textures":{"0":"modelengine:entity/lr_owlbear","particle":"#0"},"elements":[{"from":[-3.5,-8.0,8.0],"to":[19.0,8.0,8.0],"faces":{"south":{"uv":[1.40625,1.28125,2.8125,2.28125],"tintindex":0,"rotation":0,"texture":"#0"},"north":{"uv":[0.0,1.28125,1.40625,2.28125],"tintindex":0,"rotation":0,"texture":"#0"}}}],"display":{"head":{"rotation":[0.0,0.0,0.0]},"firstperson_righthand":{"rotation":[0.0,0.0,0.0]},"thirdperson_lefthand":{"rotation":[0.0,-0.0,-0.0]},"firstperson_lefthand":{"rotation":[0.0,-0.0,-0.0]},"fixed":{"rotation":[0.0,0.0,0.0]},"ground":{"rotation":[0.0,0.0,0.0]},"thirdperson_righthand":{"rotation":[0.0,0.0,0.0]},"gui":{"rotation":[-150.0,-45.0,180.0]}}}