{"textures":{"2":"modelengine:entity/lr_owlbear_eeth","particle":"#2"},"elements":[{"from":[0.0,8.150762,23.999874],"to":[10.666667,14.515959,23.999874],"faces":{"south":{"uv":[6.0,3.5625,4.0,4.75],"tintindex":0,"rotation":0,"texture":"#2"},"north":{"uv":[4.0,3.5625,6.0,4.75],"tintindex":0,"rotation":0,"texture":"#2"}}},{"from":[0.0,8.150737,-8.0],"to":[10.666667,14.515933,-8.0],"faces":{"south":{"uv":[6.0,3.5625,4.0,4.75],"tintindex":0,"rotation":0,"texture":"#2"},"north":{"uv":[4.0,3.5625,6.0,4.75],"tintindex":0,"rotation":0,"texture":"#2"}}},{"from":[0.0,8.150762,23.999874],"to":[10.666667,14.515959,23.999874],"faces":{"south":{"uv":[4.0,4.75,2.0,5.9375],"tintindex":0,"rotation":0,"texture":"#2"},"north":{"uv":[2.0,4.75,4.0,5.9375],"tintindex":0,"rotation":0,"texture":"#2"}},"rotation":{"origin":[2.6666665,11.333359,7.9998727],"angle":-22.5,"axis":"x"}},{"from":[0.0,27.333363,4.817273],"to":[10.666667,27.333363,11.18247],"faces":{"up":{"uv":[8.0,7.125,6.0,8.3125],"tintindex":0,"rotation":0,"texture":"#2"},"down":{"uv":[8.0,8.3125,6.0,7.125],"tintindex":0,"rotation":0,"texture":"#2"}},"rotation":{"origin":[2.6666665,11.333359,7.9998727],"angle":22.5,"axis":"x"}},{"from":[-5.0,8.15107,24.0],"to":[10.666667,14.516266,24.0],"faces":{"south":{"uv":[2.9375,0.0,0.0,1.1875],"tintindex":0,"rotation":0,"texture":"#2"},"north":{"uv":[0.0,0.0,2.9375,1.1875],"tintindex":0,"rotation":0,"texture":"#2"}},"rotation":{"origin":[1.6666665,11.333667,8.0],"angle":-45.0,"axis":"x"}},{"from":[-5.0,8.151044,-8.000128],"to":[10.666667,14.516241,-8.000128],"faces":{"south":{"uv":[2.9375,0.0,0.0,1.1875],"tintindex":0,"rotation":0,"texture":"#2"},"north":{"uv":[0.0,0.0,2.9375,1.1875],"tintindex":0,"rotation":0,"texture":"#2"}},"rotation":{"origin":[1.6666665,11.333641,7.9998727],"angle":45.0,"axis":"x"}},{"from":[0.0,27.333336,4.817403],"to":[10.666667,27.333336,11.182597],"faces":{"up":{"uv":[10.0,4.75,8.0,3.5625],"tintindex":0,"rotation":0,"texture":"#2"},"down":{"uv":[10.0,3.5625,8.0,4.75],"tintindex":0,"rotation":0,"texture":"#2"}}},{"from":[0.0,8.150737,-8.0],"to":[10.666667,14.515933,-8.0],"faces":{"south":{"uv":[4.0,4.75,2.0,5.9375],"tintindex":0,"rotation":0,"texture":"#2"},"north":{"uv":[2.0,4.75,4.0,5.9375],"tintindex":0,"rotation":0,"texture":"#2"}},"rotation":{"origin":[2.6666665,11.333334,8.0],"angle":22.5,"axis":"x"}},{"from":[0.0,27.333336,4.817403],"to":[10.666667,27.333336,11.182597],"faces":{"up":{"uv":[8.0,8.3125,6.0,7.125],"tintindex":0,"rotation":0,"texture":"#2"},"down":{"uv":[8.0,7.125,6.0,8.3125],"tintindex":0,"rotation":0,"texture":"#2"}},"rotation":{"origin":[2.6666665,11.333334,8.0],"angle":-22.5,"axis":"x"}}],"display":{"head":{"rotation":[0.0,0.0,0.0]},"firstperson_righthand":{"rotation":[0.0,0.0,0.0]},"thirdperson_lefthand":{"rotation":[0.0,-0.0,-0.0]},"firstperson_lefthand":{"rotation":[0.0,-0.0,-0.0]},"fixed":{"rotation":[0.0,0.0,0.0]},"ground":{"rotation":[0.0,0.0,0.0]},"thirdperson_righthand":{"rotation":[0.0,0.0,0.0]},"gui":{"rotation":[-150.0,-45.0,180.0]}}}