{"textures":{"0":"modelengine:entity/lr_owlbear","particle":"#0"},"elements":[{"from":[8.5,-4.75,-4.25],"to":[8.5,15.750002,15.75],"faces":{"east":{"uv":[2.5,0.0,1.25,1.28125],"tintindex":0,"rotation":0,"texture":"#0"},"west":{"uv":[1.25,0.0,2.5,1.28125],"tintindex":0,"rotation":0,"texture":"#0"}},"rotation":{"origin":[8.0,8.0,7.0],"angle":-22.5,"axis":"x"}},{"from":[-1.0,0.25,-1.75],"to":[18.0,15.750002,15.75],"faces":{"east":{"uv":[5.09375,0.96875,4.0,1.9375],"tintindex":0,"rotation":0,"texture":"#0"},"south":{"uv":[0.9375,3.59375,2.125,4.5625],"tintindex":0,"rotation":0,"texture":"#0"},"north":{"uv":[3.5625,2.03125,4.75,3.0],"tintindex":0,"rotation":0,"texture":"#0"},"west":{"uv":[4.0,0.96875,5.09375,1.9375],"tintindex":0,"rotation":0,"texture":"#0"},"up":{"uv":[4.0,2.03125,2.8125,0.9375],"tintindex":0,"rotation":0,"texture":"#0"},"down":{"uv":[3.3125,3.21875,2.125,4.3125],"tintindex":0,"rotation":0,"texture":"#0"}},"rotation":{"origin":[8.5,8.0,7.0],"angle":-22.5,"axis":"x"}}],"display":{"head":{"rotation":[0.0,0.0,0.0]},"firstperson_righthand":{"rotation":[0.0,0.0,0.0]},"thirdperson_lefthand":{"rotation":[0.0,-0.0,-0.0]},"firstperson_lefthand":{"rotation":[0.0,-0.0,-0.0]},"fixed":{"rotation":[0.0,0.0,0.0]},"ground":{"rotation":[0.0,0.0,0.0]},"thirdperson_righthand":{"rotation":[0.0,0.0,0.0]},"gui":{"rotation":[-150.0,-45.0,180.0]}}}