{"textures":{"0":"modelengine:entity/lr_owlbear_parts","particle":"#0"},"elements":[{"from":[-0.5999994,3.8561,-0.78314114],"to":[-0.5999994,26.8561,14.216859],"faces":{"east":{"uv":[0.0,2.875,1.875,5.75],"tintindex":0,"rotation":0,"texture":"#0"},"west":{"uv":[1.875,2.875,3.75,5.75],"tintindex":0,"rotation":0,"texture":"#0"}}},{"from":[-0.5,3.8561,-0.78314114],"to":[17.5,21.8561,14.216859],"faces":{"east":{"uv":[3.75,4.5,5.625,6.75],"tintindex":0,"rotation":0,"texture":"#0"},"south":{"uv":[3.75,2.25,6.0,4.5],"tintindex":0,"rotation":0,"texture":"#0"},"north":{"uv":[3.75,0.0,6.0,2.25],"tintindex":0,"rotation":0,"texture":"#0"},"west":{"uv":[5.625,4.5,7.5,6.75],"tintindex":0,"rotation":0,"texture":"#0"},"up":{"uv":[2.25,7.625,0.0,5.75],"tintindex":0,"rotation":0,"texture":"#0"},"down":{"uv":[8.25,0.0,6.0,1.875],"tintindex":0,"rotation":0,"texture":"#0"}}},{"from":[-8.668947,2.8561,-1.8040667],"to":[-2.6689463,17.8561,-1.8040667],"faces":{"south":{"uv":[4.5,9.25,5.25,11.125],"tintindex":0,"rotation":0,"texture":"#0"},"north":{"uv":[0.75,9.125,1.5,11.0],"tintindex":0,"rotation":0,"texture":"#0"}},"rotation":{"origin":[-2.6689463,10.3561,-1.8040667],"angle":45.0,"axis":"y"}},{"from":[19.504162,2.8561,-1.8040667],"to":[25.504162,17.8561,-1.8040667],"faces":{"south":{"uv":[0.0,9.125,0.75,11.0],"tintindex":0,"rotation":0,"texture":"#0"},"north":{"uv":[9.0,7.875,9.75,9.75],"tintindex":0,"rotation":0,"texture":"#0"}},"rotation":{"origin":[19.504162,10.3561,-1.8040667],"angle":-45.0,"axis":"y"}},{"from":[-2.5,26.000002,8.0],"to":[20.5,26.000002,16.0],"faces":{"up":{"uv":[8.875,4.5,6.0,3.5],"tintindex":0,"rotation":0,"texture":"#0"},"down":{"uv":[7.375,6.75,4.5,7.75],"tintindex":0,"rotation":0,"texture":"#0"}}},{"from":[6.6595535,-4.1439,-4.557929],"to":[18.659554,5.8561,-4.557929],"faces":{"south":{"uv":[8.25,1.25,9.75,2.5],"tintindex":0,"rotation":0,"texture":"#0"},"north":{"uv":[8.25,0.0,9.75,1.25],"tintindex":0,"rotation":0,"texture":"#0"}},"rotation":{"origin":[12.159554,11.8561,-1.057929],"angle":-22.5,"axis":"y"}},{"from":[-3.5,23.855177,-2.7827578],"to":[-0.5,23.855177,10.217241],"faces":{"up":{"uv":[5.625,12.5,5.25,10.875],"tintindex":0,"rotation":0,"texture":"#0"},"down":{"uv":[6.0,10.875,5.625,12.5],"tintindex":0,"rotation":0,"texture":"#0"}},"rotation":{"origin":[8.5,19.355177,3.7172413],"angle":-22.5,"axis":"x"}},{"from":[17.5,23.8561,-2.7831411],"to":[20.5,23.8561,10.216859],"faces":{"up":{"uv":[4.375,12.375,4.0,10.75],"tintindex":0,"rotation":0,"texture":"#0"},"down":{"uv":[11.125,10.25,10.75,11.875],"tintindex":0,"rotation":0,"texture":"#0"}},"rotation":{"origin":[8.5,19.3561,3.7168589],"angle":-22.5,"axis":"x"}},{"from":[17.6,3.8561,-0.78314114],"to":[17.6,26.8561,14.216859],"faces":{"east":{"uv":[0.0,0.0,1.875,2.875],"tintindex":0,"rotation":0,"texture":"#0"},"west":{"uv":[1.875,0.0,3.75,2.875],"tintindex":0,"rotation":0,"texture":"#0"}}},{"from":[-1.4416542,5.8561,-4.6340494],"to":[10.558346,17.8561,2.3659496],"faces":{"east":{"uv":[1.5,9.625,2.375,11.125],"tintindex":0,"rotation":0,"texture":"#0"},"south":{"uv":[7.5,7.875,9.0,9.375],"tintindex":0,"rotation":0,"texture":"#0"},"north":{"uv":[6.0,7.875,7.5,9.375],"tintindex":0,"rotation":0,"texture":"#0"},"west":{"uv":[2.375,9.625,3.25,11.125],"tintindex":0,"rotation":0,"texture":"#0"},"up":{"uv":[11.125,7.5,9.625,6.625],"tintindex":0,"rotation":0,"texture":"#0"},"down":{"uv":[11.25,0.0,9.75,0.875],"tintindex":0,"rotation":0,"texture":"#0"}},"rotation":{"origin":[5.058346,11.8561,-0.13404942],"angle":22.5,"axis":"y"}},{"from":[6.27687,5.8561,-4.6340494],"to":[18.27687,17.8561,2.3659496],"faces":{"east":{"uv":[5.25,9.375,6.125,10.875],"tintindex":0,"rotation":0,"texture":"#0"},"south":{"uv":[4.5,7.75,6.0,9.25],"tintindex":0,"rotation":0,"texture":"#0"},"north":{"uv":[0.0,7.625,1.5,9.125],"tintindex":0,"rotation":0,"texture":"#0"},"west":{"uv":[6.125,9.375,7.0,10.875],"tintindex":0,"rotation":0,"texture":"#0"},"up":{"uv":[10.375,4.5,8.875,3.625],"tintindex":0,"rotation":0,"texture":"#0"},"down":{"uv":[8.5,9.375,7.0,10.25],"tintindex":0,"rotation":0,"texture":"#0"}},"rotation":{"origin":[11.77687,11.8561,-0.13404942],"angle":-22.5,"axis":"y"}},{"from":[-0.5,14.8561,-2.7831411],"to":[17.5,23.8561,10.216859],"faces":{"east":{"uv":[7.5,5.625,9.125,6.75],"tintindex":0,"rotation":0,"texture":"#0"},"south":{"uv":[7.5,4.5,9.75,5.625],"tintindex":0,"rotation":0,"texture":"#0"},"north":{"uv":[7.375,6.75,9.625,7.875],"tintindex":0,"rotation":0,"texture":"#0"},"west":{"uv":[8.875,2.5,10.5,3.625],"tintindex":0,"rotation":0,"texture":"#0"},"up":{"uv":[8.25,3.5,6.0,1.875],"tintindex":0,"rotation":0,"texture":"#0"},"down":{"uv":[4.5,6.75,2.25,8.375],"tintindex":0,"rotation":0,"texture":"#0"}},"rotation":{"origin":[8.5,19.3561,3.7168589],"angle":-22.5,"axis":"x"}},{"from":[-1.824338,-4.1439,-4.557929],"to":[10.175662,5.8561,-4.557929],"faces":{"south":{"uv":[3.0,8.375,4.5,9.625],"tintindex":0,"rotation":0,"texture":"#0"},"north":{"uv":[1.5,8.375,3.0,9.625],"tintindex":0,"rotation":0,"texture":"#0"}},"rotation":{"origin":[4.675662,11.8561,-1.057929],"angle":22.5,"axis":"y"}}],"display":{"head":{"rotation":[0.0,0.0,0.0]},"firstperson_righthand":{"rotation":[0.0,0.0,0.0]},"thirdperson_lefthand":{"rotation":[0.0,-0.0,-0.0]},"firstperson_lefthand":{"rotation":[0.0,-0.0,-0.0]},"fixed":{"rotation":[0.0,0.0,0.0]},"ground":{"rotation":[0.0,0.0,0.0]},"thirdperson_righthand":{"rotation":[0.0,0.0,0.0]},"gui":{"rotation":[-150.0,-45.0,180.0]}}}