{"textures":{"0":"modelengine:entity/lr_owlbear_parts","particle":"#0"},"elements":[{"from":[3.0062718,5.0,2.9958096],"to":[9.006271,12.0,6.9958096],"faces":{"east":{"uv":[10.75,7.5,11.25,8.375],"tintindex":0,"rotation":0,"texture":"#0"},"south":{"uv":[8.875,10.625,9.625,11.5],"tintindex":0,"rotation":0,"texture":"#0"},"north":{"uv":[8.125,10.625,8.875,11.5],"tintindex":0,"rotation":0,"texture":"#0"},"west":{"uv":[6.0,10.875,6.5,11.75],"tintindex":0,"rotation":0,"texture":"#0"},"up":{"uv":[11.25,3.375,10.5,2.875],"tintindex":0,"rotation":0,"texture":"#0"},"down":{"uv":[11.625,8.375,10.875,8.875],"tintindex":0,"rotation":0,"texture":"#0"}},"rotation":{"origin":[6.006272,8.5,4.9958096],"angle":22.5,"axis":"y"}},{"from":[7.006272,3.0,2.9958096],"to":[15.006271,12.0,2.9958096],"faces":{"south":{"uv":[9.75,0.875,10.75,2.0],"tintindex":0,"rotation":0,"texture":"#0"},"north":{"uv":[3.25,9.625,4.25,10.75],"tintindex":0,"rotation":0,"texture":"#0"}},"rotation":{"origin":[10.006271,8.5,4.9958096],"angle":-22.5,"axis":"y"}},{"from":[7.006272,5.0,2.9958096],"to":[13.006271,12.0,6.9958096],"faces":{"east":{"uv":[8.25,2.5,8.75,3.375],"tintindex":0,"rotation":0,"texture":"#0"},"south":{"uv":[10.5,5.625,11.25,6.5],"tintindex":0,"rotation":0,"texture":"#0"},"north":{"uv":[10.5,2.0,11.25,2.875],"tintindex":0,"rotation":0,"texture":"#0"},"west":{"uv":[10.75,4.375,11.25,5.25],"tintindex":0,"rotation":0,"texture":"#0"},"up":{"uv":[2.25,8.125,1.5,7.625],"tintindex":0,"rotation":0,"texture":"#0"},"down":{"uv":[10.5,2.0,9.75,2.5],"tintindex":0,"rotation":0,"texture":"#0"}},"rotation":{"origin":[10.006271,8.5,4.9958096],"angle":-22.5,"axis":"y"}},{"from":[2.5,12.1,2.0],"to":[13.5,12.1,10.0],"faces":{"up":{"uv":[3.625,6.75,2.25,5.75],"tintindex":0,"rotation":0,"texture":"#0"},"down":{"uv":[10.5,5.625,9.125,6.625],"tintindex":0,"rotation":0,"texture":"#0"}}},{"from":[6.5,4.0,2.0],"to":[9.5,8.0,8.0],"faces":{"east":{"uv":[10.875,8.875,11.625,9.375],"tintindex":0,"rotation":0,"texture":"#0"},"south":{"uv":[0.75,11.0,1.125,11.5],"tintindex":0,"rotation":0,"texture":"#0"},"north":{"uv":[0.375,11.0,0.75,11.5],"tintindex":0,"rotation":0,"texture":"#0"},"west":{"uv":[10.875,9.375,11.625,9.875],"tintindex":0,"rotation":0,"texture":"#0"},"up":{"uv":[6.875,11.625,6.5,10.875],"tintindex":0,"rotation":0,"texture":"#0"},"down":{"uv":[0.375,11.0,0.0,11.75],"tintindex":0,"rotation":0,"texture":"#0"}}},{"from":[3.5,5.0,4.0],"to":[12.5,12.0,10.0],"faces":{"east":{"uv":[10.75,0.875,11.5,1.75],"tintindex":0,"rotation":0,"texture":"#0"},"south":{"uv":[9.75,8.625,10.875,9.5],"tintindex":0,"rotation":0,"texture":"#0"},"north":{"uv":[8.5,9.75,9.625,10.625],"tintindex":0,"rotation":0,"texture":"#0"},"west":{"uv":[3.25,10.75,4.0,11.625],"tintindex":0,"rotation":0,"texture":"#0"},"up":{"uv":[10.875,10.25,9.75,9.5],"tintindex":0,"rotation":0,"texture":"#0"},"down":{"uv":[8.125,10.25,7.0,11.0],"tintindex":0,"rotation":0,"texture":"#0"}}},{"from":[7.0,6.0,1.0],"to":[9.0,9.0,3.0],"faces":{"east":{"uv":[8.75,9.375,9.0,9.75],"tintindex":0,"rotation":0,"texture":"#0"},"south":{"uv":[4.25,9.625,4.5,10.0],"tintindex":0,"rotation":0,"texture":"#0"},"north":{"uv":[8.5,9.375,8.75,9.75],"tintindex":0,"rotation":0,"texture":"#0"},"west":{"uv":[4.25,10.0,4.5,10.375],"tintindex":0,"rotation":0,"texture":"#0"},"up":{"uv":[1.75,8.375,1.5,8.125],"tintindex":0,"rotation":0,"texture":"#0"},"down":{"uv":[2.0,8.125,1.75,8.375],"tintindex":0,"rotation":0,"texture":"#0"}}},{"from":[1.0062718,3.0,2.9958096],"to":[9.006271,12.0,2.9958096],"faces":{"south":{"uv":[9.75,7.5,10.75,8.625],"tintindex":0,"rotation":0,"texture":"#0"},"north":{"uv":[9.75,4.5,10.75,5.625],"tintindex":0,"rotation":0,"texture":"#0"}},"rotation":{"origin":[6.006272,8.5,4.9958096],"angle":22.5,"axis":"y"}},{"from":[3.5,13.147127,3.7720213],"to":[12.5,13.147127,9.772021],"faces":{"up":{"uv":[10.75,11.0,9.625,10.25],"tintindex":0,"rotation":0,"texture":"#0"},"down":{"uv":[11.5,3.625,10.375,4.375],"tintindex":0,"rotation":0,"texture":"#0"}},"rotation":{"origin":[8.0,13.147127,6.7720213],"angle":-22.5,"axis":"x"}}],"display":{"head":{"rotation":[0.0,0.0,0.0]},"firstperson_righthand":{"rotation":[0.0,0.0,0.0]},"thirdperson_lefthand":{"rotation":[0.0,-0.0,-0.0]},"firstperson_lefthand":{"rotation":[0.0,-0.0,-0.0]},"fixed":{"rotation":[0.0,0.0,0.0]},"ground":{"rotation":[0.0,0.0,0.0]},"thirdperson_righthand":{"rotation":[0.0,0.0,0.0]},"gui":{"rotation":[-150.0,-45.0,180.0]}}}