{"textures":{"0":"modelengine:entity/eldric_body","particle":"#0"},"elements":[{"from":[6.75,7.5,-5.75],"to":[9.25,8.5,14.75],"faces":{"east":{"uv":[13.0,7.9375,10.4375,8.0625],"tintindex":0,"rotation":0,"texture":"#0"},"south":{"uv":[11.1875,7.5625,11.5,7.6875],"tintindex":0,"rotation":0,"texture":"#0"},"north":{"uv":[11.1875,7.6875,11.5,7.8125],"tintindex":0,"rotation":0,"texture":"#0"},"west":{"uv":[10.4375,7.9375,13.0,8.0625],"tintindex":0,"rotation":0,"texture":"#0"},"up":{"uv":[10.875,5.375,11.1875,7.9375],"tintindex":0,"rotation":0,"texture":"#0"},"down":{"uv":[10.875,7.9375,11.1875,5.375],"tintindex":0,"rotation":0,"texture":"#0"}}}],"display":{"head":{"rotation":[0.0,0.0,0.0]},"firstperson_righthand":{"rotation":[0.0,0.0,0.0]},"thirdperson_lefthand":{"rotation":[0.0,-0.0,-0.0]},"firstperson_lefthand":{"rotation":[0.0,-0.0,-0.0]},"fixed":{"rotation":[0.0,0.0,0.0]},"ground":{"rotation":[0.0,0.0,0.0]},"thirdperson_righthand":{"rotation":[0.0,0.0,0.0]},"gui":{"rotation":[-150.0,-45.0,180.0]}}}