{"textures":{"0":"modelengine:entity/eldric_body","particle":"#0"},"elements":[{"from":[2.0,-1.0,8.0],"to":[14.0,8.0,8.0],"faces":{"south":{"uv":[8.25,6.5,9.0,7.0625],"tintindex":0,"rotation":0,"texture":"#0"},"north":{"uv":[8.1875,5.9375,8.9375,6.5],"tintindex":0,"rotation":0,"texture":"#0"}}}],"display":{"head":{"rotation":[0.0,0.0,0.0]},"firstperson_righthand":{"rotation":[0.0,0.0,0.0]},"thirdperson_lefthand":{"rotation":[0.0,-0.0,-0.0]},"firstperson_lefthand":{"rotation":[0.0,-0.0,-0.0]},"fixed":{"rotation":[0.0,0.0,0.0]},"ground":{"rotation":[0.0,0.0,0.0]},"thirdperson_righthand":{"rotation":[0.0,0.0,0.0]},"gui":{"rotation":[-150.0,-45.0,180.0]}}}