{"textures":{"0":"modelengine:entity/eldric_body","particle":"#0"},"elements":[{"from":[8.0,-16.0,2.0],"to":[18.0,-4.0,16.0],"faces":{"east":{"uv":[7.6875,6.8125,6.8125,7.5625],"tintindex":0,"rotation":0,"texture":"#0"},"south":{"uv":[2.5625,7.9375,1.9375,8.6875],"tintindex":0,"rotation":0,"texture":"#0"},"north":{"uv":[8.5,1.75,7.875,2.5],"tintindex":0,"rotation":0,"texture":"#0"},"west":{"uv":[7.6875,6.0625,6.8125,6.8125],"tintindex":0,"rotation":0,"texture":"#0"},"up":{"uv":[5.1875,8.375,5.8125,7.5],"tintindex":0,"rotation":0,"texture":"#0"},"down":{"uv":[3.5625,7.5625,4.1875,8.4375],"tintindex":0,"rotation":0,"texture":"#0"}}},{"from":[20.530733,-3.0,9.6955185],"to":[20.530733,11.0,17.695518],"faces":{"east":{"uv":[1.5,8.0625,1.0,8.9375],"tintindex":0,"rotation":0,"texture":"#0"},"west":{"uv":[1.0,8.0625,0.5,8.9375],"tintindex":0,"rotation":0,"texture":"#0"}},"rotation":{"origin":[20.530733,4.0,13.6955185],"angle":-22.5,"axis":"y"}},{"from":[7.0,-4.0,0.0],"to":[19.0,13.0,16.0],"faces":{"east":{"uv":[6.0,5.4375,5.0,6.5],"tintindex":0,"rotation":0,"texture":"#0"},"south":{"uv":[7.25,0.0,6.5,1.0625],"tintindex":0,"rotation":0,"texture":"#0"},"north":{"uv":[3.5625,6.375,2.8125,7.4375],"tintindex":0,"rotation":0,"texture":"#0"},"west":{"uv":[5.0,5.4375,4.0,6.5],"tintindex":0,"rotation":0,"texture":"#0"},"up":{"uv":[5.1875,7.5,5.9375,6.5],"tintindex":0,"rotation":0,"texture":"#0"},"down":{"uv":[6.5625,2.875,7.3125,3.875],"tintindex":0,"rotation":0,"texture":"#0"}}},{"from":[7.0,13.0,7.0],"to":[19.0,18.0,7.0],"faces":{"south":{"uv":[4.5625,9.0,3.8125,9.3125],"tintindex":0,"rotation":0,"texture":"#0"},"north":{"uv":[3.5625,5.125,2.8125,5.4375],"tintindex":0,"rotation":0,"texture":"#0"}},"rotation":{"origin":[13.0,15.5,7.0],"angle":-45.0,"axis":"y"}},{"from":[21.487442,-3.0,2.1141806],"to":[21.487442,11.0,10.114181],"faces":{"east":{"uv":[0.5,8.0625,0.0,8.9375],"tintindex":0,"rotation":0,"texture":"#0"},"west":{"uv":[1.625,5.25,1.125,6.125],"tintindex":0,"rotation":0,"texture":"#0"}},"rotation":{"origin":[21.487442,4.0,8.614181],"angle":22.5,"axis":"y"}}],"display":{"head":{"rotation":[0.0,0.0,0.0]},"firstperson_righthand":{"rotation":[0.0,0.0,0.0]},"thirdperson_lefthand":{"rotation":[0.0,-0.0,-0.0]},"firstperson_lefthand":{"rotation":[0.0,-0.0,-0.0]},"fixed":{"rotation":[0.0,0.0,0.0]},"ground":{"rotation":[0.0,0.0,0.0]},"thirdperson_righthand":{"rotation":[0.0,0.0,0.0]},"gui":{"rotation":[-150.0,-45.0,180.0]}}}