{"textures":{"0":"modelengine:entity/eldric_body","particle":"#0"},"elements":[{"from":[4.5,22.68198,0.16116524],"to":[11.5,26.68198,7.661165],"faces":{"east":{"uv":[7.875,0.75,8.8125,1.25],"tintindex":0,"rotation":0,"texture":"#0"},"south":{"uv":[7.9375,3.0,8.8125,3.5],"tintindex":0,"rotation":0,"texture":"#0"},"north":{"uv":[7.9375,2.5,8.8125,3.0],"tintindex":0,"rotation":0,"texture":"#0"},"west":{"uv":[7.875,1.25,8.8125,1.75],"tintindex":0,"rotation":0,"texture":"#0"},"up":{"uv":[2.8125,7.0625,1.9375,6.125],"tintindex":0,"rotation":0,"texture":"#0"},"down":{"uv":[0.875,6.25,0.0,7.1875],"tintindex":0,"rotation":0,"texture":"#0"}},"rotation":{"origin":[8.0,24.68198,4.161165],"angle":-45.0,"axis":"x"}},{"from":[1.0,23.68198,-1.3388348],"to":[4.5,25.68198,7.661165],"faces":{"east":{"uv":[3.875,3.0625,5.0,3.3125],"tintindex":0,"rotation":0,"texture":"#0"},"south":{"uv":[9.1875,0.375,9.625,0.625],"tintindex":0,"rotation":0,"texture":"#0"},"north":{"uv":[7.9375,3.5,8.375,3.75],"tintindex":0,"rotation":0,"texture":"#0"},"west":{"uv":[8.375,4.0625,9.5,4.3125],"tintindex":0,"rotation":0,"texture":"#0"},"up":{"uv":[1.9375,8.3125,1.5,7.1875],"tintindex":0,"rotation":0,"texture":"#0"},"down":{"uv":[8.25,6.9375,7.8125,8.0625],"tintindex":0,"rotation":0,"texture":"#0"}},"rotation":{"origin":[8.0,24.68198,4.161165],"angle":-45.0,"axis":"x"}},{"from":[0.0,5.5,0.0],"to":[15.5,19.5,13.5],"faces":{"east":{"uv":[1.6875,3.5,0.0,5.25],"tintindex":0,"rotation":0,"texture":"#0"},"south":{"uv":[0.0,1.75,1.9375,3.5],"tintindex":0,"rotation":0,"texture":"#0"},"north":{"uv":[0.0,0.0,1.9375,1.75],"tintindex":0,"rotation":0,"texture":"#0"},"west":{"uv":[0.0,3.5,1.6875,5.25],"tintindex":0,"rotation":0,"texture":"#0"},"up":{"uv":[3.875,1.6875,1.9375,0.0],"tintindex":0,"rotation":0,"texture":"#0"},"down":{"uv":[3.875,1.6875,1.9375,3.375],"tintindex":0,"rotation":0,"texture":"#0"}}},{"from":[11.5,23.68198,-1.3388348],"to":[15.0,25.68198,7.661165],"faces":{"east":{"uv":[9.5,4.0625,8.375,4.3125],"tintindex":0,"rotation":0,"texture":"#0"},"south":{"uv":[9.625,0.375,9.1875,0.625],"tintindex":0,"rotation":0,"texture":"#0"},"north":{"uv":[8.375,3.5,7.9375,3.75],"tintindex":0,"rotation":0,"texture":"#0"},"west":{"uv":[5.0,3.0625,3.875,3.3125],"tintindex":0,"rotation":0,"texture":"#0"},"up":{"uv":[1.5,8.3125,1.9375,7.1875],"tintindex":0,"rotation":0,"texture":"#0"},"down":{"uv":[7.8125,6.9375,8.25,8.0625],"tintindex":0,"rotation":0,"texture":"#0"}},"rotation":{"origin":[8.0,24.68198,4.161165],"angle":-45.0,"axis":"x"}},{"from":[3.5,6.5,-1.5],"to":[12.5,14.5,0.0],"faces":{"east":{"uv":[1.6875,3.5,1.875,4.5],"tintindex":0,"rotation":0,"texture":"#0"},"south":{"uv":[0.0,5.25,1.125,6.25],"tintindex":0,"rotation":0,"texture":"#0"},"north":{"uv":[1.6875,5.125,2.8125,6.125],"tintindex":0,"rotation":0,"texture":"#0"},"west":{"uv":[1.875,3.5,1.6875,4.5],"tintindex":0,"rotation":0,"texture":"#0"},"up":{"uv":[10.125,7.0625,9.0,6.875],"tintindex":0,"rotation":0,"texture":"#0"},"down":{"uv":[10.125,7.0625,9.0,7.25],"tintindex":0,"rotation":0,"texture":"#0"}}},{"from":[1.0,16.18198,-1.3388348],"to":[15.0,23.68198,8.161165],"faces":{"east":{"uv":[5.375,3.0625,6.5625,4.0],"tintindex":0,"rotation":0,"texture":"#0"},"south":{"uv":[3.875,2.125,5.625,3.0625],"tintindex":0,"rotation":0,"texture":"#0"},"north":{"uv":[3.875,1.1875,5.625,2.125],"tintindex":0,"rotation":0,"texture":"#0"},"west":{"uv":[6.5625,3.0625,5.375,4.0],"tintindex":0,"rotation":0,"texture":"#0"},"up":{"uv":[5.375,4.5625,3.625,3.375],"tintindex":0,"rotation":0,"texture":"#0"},"down":{"uv":[5.625,0.0,3.875,1.1875],"tintindex":0,"rotation":0,"texture":"#0"}},"rotation":{"origin":[8.0,24.68198,4.161165],"angle":-45.0,"axis":"x"}}],"display":{"head":{"rotation":[0.0,0.0,0.0]},"firstperson_righthand":{"rotation":[0.0,0.0,0.0]},"thirdperson_lefthand":{"rotation":[0.0,-0.0,-0.0]},"firstperson_lefthand":{"rotation":[0.0,-0.0,-0.0]},"fixed":{"rotation":[0.0,0.0,0.0]},"ground":{"rotation":[0.0,0.0,0.0]},"thirdperson_righthand":{"rotation":[0.0,0.0,0.0]},"gui":{"rotation":[-150.0,-45.0,180.0]}}}