{"textures":{"0":"modelengine:entity/eldric_body","particle":"#0"},"elements":[{"from":[3.833334,7.0,7.0],"to":[5.833334,9.0,9.0],"faces":{"east":{"uv":[9.5,2.5,9.625,2.625],"tintindex":0,"rotation":0,"texture":"#0"},"south":{"uv":[9.5,2.625,9.625,2.75],"tintindex":0,"rotation":0,"texture":"#0"},"north":{"uv":[9.5,2.375,9.625,2.5],"tintindex":0,"rotation":0,"texture":"#0"},"west":{"uv":[9.5,4.0625,9.625,4.1875],"tintindex":0,"rotation":0,"texture":"#0"},"up":{"uv":[9.625,4.3125,9.5,4.1875],"tintindex":0,"rotation":0,"texture":"#0"},"down":{"uv":[9.625,8.625,9.5,8.75],"tintindex":0,"rotation":0,"texture":"#0"}}},{"from":[6.333334,11.0,8.0],"to":[10.333334,13.0,8.0],"faces":{"south":{"uv":[8.5,2.375,8.75,2.5],"tintindex":0,"rotation":0,"texture":"#0"},"north":{"uv":[8.5,2.375,8.75,2.5],"tintindex":0,"rotation":0,"texture":"#0"}}},{"from":[3.833334,5.0,7.0],"to":[11.833334,7.0,9.0],"faces":{"east":{"uv":[8.6875,0.625,8.8125,0.75],"tintindex":0,"rotation":0,"texture":"#0"},"south":{"uv":[9.375,6.0,9.875,6.125],"tintindex":0,"rotation":0,"texture":"#0"},"north":{"uv":[9.375,5.875,9.875,6.0],"tintindex":0,"rotation":0,"texture":"#0"},"west":{"uv":[4.9375,8.75,5.0625,8.875],"tintindex":0,"rotation":0,"texture":"#0"},"up":{"uv":[9.875,6.25,9.375,6.125],"tintindex":0,"rotation":0,"texture":"#0"},"down":{"uv":[9.875,6.25,9.375,6.375],"tintindex":0,"rotation":0,"texture":"#0"}}},{"from":[9.833334,7.0,7.0],"to":[11.833334,9.0,9.0],"faces":{"east":{"uv":[5.3125,9.4375,5.4375,9.5625],"tintindex":0,"rotation":0,"texture":"#0"},"south":{"uv":[0.375,9.5,0.5,9.625],"tintindex":0,"rotation":0,"texture":"#0"},"north":{"uv":[1.1875,9.4375,1.3125,9.5625],"tintindex":0,"rotation":0,"texture":"#0"},"west":{"uv":[9.5,2.0,9.625,2.125],"tintindex":0,"rotation":0,"texture":"#0"},"up":{"uv":[9.625,2.25,9.5,2.125],"tintindex":0,"rotation":0,"texture":"#0"},"down":{"uv":[9.625,2.25,9.5,2.375],"tintindex":0,"rotation":0,"texture":"#0"}}},{"from":[3.833334,9.0,7.0],"to":[11.833334,11.0,9.0],"faces":{"east":{"uv":[4.9375,8.5,5.0625,8.625],"tintindex":0,"rotation":0,"texture":"#0"},"south":{"uv":[9.375,4.4375,9.875,4.5625],"tintindex":0,"rotation":0,"texture":"#0"},"north":{"uv":[9.375,4.3125,9.875,4.4375],"tintindex":0,"rotation":0,"texture":"#0"},"west":{"uv":[4.9375,8.625,5.0625,8.75],"tintindex":0,"rotation":0,"texture":"#0"},"up":{"uv":[9.875,4.6875,9.375,4.5625],"tintindex":0,"rotation":0,"texture":"#0"},"down":{"uv":[9.875,4.6875,9.375,4.8125],"tintindex":0,"rotation":0,"texture":"#0"}}},{"from":[6.333334,3.0,8.0],"to":[10.333334,5.0,8.0],"faces":{"south":{"uv":[8.5,2.5,8.75,2.375],"tintindex":0,"rotation":0,"texture":"#0"},"north":{"uv":[8.5,2.5,8.75,2.375],"tintindex":0,"rotation":0,"texture":"#0"}}}],"display":{"head":{"rotation":[0.0,0.0,0.0]},"firstperson_righthand":{"rotation":[0.0,0.0,0.0]},"thirdperson_lefthand":{"rotation":[0.0,-0.0,-0.0]},"firstperson_lefthand":{"rotation":[0.0,-0.0,-0.0]},"fixed":{"rotation":[0.0,0.0,0.0]},"ground":{"rotation":[0.0,0.0,0.0]},"thirdperson_righthand":{"rotation":[0.0,0.0,0.0]},"gui":{"rotation":[-150.0,-45.0,180.0]}}}