{"textures":{"0":"modelengine:entity/eldric_body","particle":"#0"},"elements":[{"from":[2.0,6.5,8.0],"to":[8.0,9.5,11.0],"faces":{"east":{"uv":[9.4375,7.9375,9.625,8.125],"tintindex":0,"rotation":0,"texture":"#0"},"south":{"uv":[9.1875,8.4375,9.5625,8.625],"tintindex":0,"rotation":0,"texture":"#0"},"north":{"uv":[6.1875,2.875,6.5625,3.0625],"tintindex":0,"rotation":0,"texture":"#0"},"west":{"uv":[9.4375,8.125,9.625,8.3125],"tintindex":0,"rotation":0,"texture":"#0"},"up":{"uv":[9.6875,9.1875,9.3125,9.0],"tintindex":0,"rotation":0,"texture":"#0"},"down":{"uv":[9.6875,9.1875,9.3125,9.375],"tintindex":0,"rotation":0,"texture":"#0"}}}],"display":{"head":{"rotation":[0.0,0.0,0.0]},"firstperson_righthand":{"rotation":[0.0,0.0,0.0]},"thirdperson_lefthand":{"rotation":[0.0,-0.0,-0.0]},"firstperson_lefthand":{"rotation":[0.0,-0.0,-0.0]},"fixed":{"rotation":[0.0,0.0,0.0]},"ground":{"rotation":[0.0,0.0,0.0]},"thirdperson_righthand":{"rotation":[0.0,0.0,0.0]},"gui":{"rotation":[-150.0,-45.0,180.0]}}}