{"textures":{"0":"modelengine:entity/eldric_body","particle":"#0"},"elements":[{"from":[3.166667,-8.621742,5.142514],"to":[12.166667,-2.6217432,8.142514],"faces":{"east":{"uv":[9.375,1.0,9.5625,1.375],"tintindex":0,"rotation":0,"texture":"#0"},"south":{"uv":[8.75,9.0,9.3125,9.375],"tintindex":0,"rotation":0,"texture":"#0"},"north":{"uv":[9.0,7.25,9.5625,7.625],"tintindex":0,"rotation":0,"texture":"#0"},"west":{"uv":[9.375,1.375,9.5625,1.75],"tintindex":0,"rotation":0,"texture":"#0"},"up":{"uv":[6.1875,3.0625,5.625,2.875],"tintindex":0,"rotation":0,"texture":"#0"},"down":{"uv":[9.6875,3.875,9.125,4.0625],"tintindex":0,"rotation":0,"texture":"#0"}}},{"from":[11.166667,-0.6217432,9.142514],"to":[15.166667,9.378257,17.142513],"faces":{"east":{"uv":[2.0,8.6875,2.5,9.3125],"tintindex":0,"rotation":0,"texture":"#0"},"south":{"uv":[0.875,6.25,1.125,6.875],"tintindex":0,"rotation":0,"texture":"#0"},"north":{"uv":[1.6875,4.5,1.9375,5.125],"tintindex":0,"rotation":0,"texture":"#0"},"west":{"uv":[2.5,8.75,3.0,9.375],"tintindex":0,"rotation":0,"texture":"#0"},"up":{"uv":[7.625,4.875,7.375,4.375],"tintindex":0,"rotation":0,"texture":"#0"},"down":{"uv":[9.4375,7.9375,9.1875,8.4375],"tintindex":0,"rotation":0,"texture":"#0"}}},{"from":[4.166667,-8.621742,20.142513],"to":[12.166667,1.3782568,22.142513],"faces":{"east":{"uv":[2.375,9.3125,2.5,9.9375],"tintindex":0,"rotation":0,"texture":"#0"},"south":{"uv":[1.5,8.6875,2.0,9.3125],"tintindex":0,"rotation":0,"texture":"#0"},"north":{"uv":[8.6875,0.0,9.1875,0.625],"tintindex":0,"rotation":0,"texture":"#0"},"west":{"uv":[4.75,9.3125,4.875,9.9375],"tintindex":0,"rotation":0,"texture":"#0"},"up":{"uv":[9.875,6.5,9.375,6.375],"tintindex":0,"rotation":0,"texture":"#0"},"down":{"uv":[9.25,9.375,8.75,9.5],"tintindex":0,"rotation":0,"texture":"#0"}}},{"from":[1.166667,-8.621742,8.142514],"to":[14.166667,8.378257,20.142513],"faces":{"east":{"uv":[6.5,1.0625,7.25,2.125],"tintindex":0,"rotation":0,"texture":"#0"},"south":{"uv":[1.125,6.125,1.9375,7.1875],"tintindex":0,"rotation":0,"texture":"#0"},"north":{"uv":[6.0,6.0625,6.8125,7.125],"tintindex":0,"rotation":0,"texture":"#0"},"west":{"uv":[3.5625,6.5,4.3125,7.5625],"tintindex":0,"rotation":0,"texture":"#0"},"up":{"uv":[7.875,2.875,7.0625,2.125],"tintindex":0,"rotation":0,"texture":"#0"},"down":{"uv":[8.0625,0.0,7.25,0.75],"tintindex":0,"rotation":0,"texture":"#0"}}},{"from":[0.16666698,-8.621742,6.142514],"to":[8.166667,2.3782568,11.142514],"faces":{"east":{"uv":[9.0,4.875,9.3125,5.5625],"tintindex":0,"rotation":0,"texture":"#0"},"south":{"uv":[7.0,8.5,7.5,9.1875],"tintindex":0,"rotation":0,"texture":"#0"},"north":{"uv":[6.5,8.5,7.0,9.1875],"tintindex":0,"rotation":0,"texture":"#0"},"west":{"uv":[5.8125,9.0,6.125,9.6875],"tintindex":0,"rotation":0,"texture":"#0"},"up":{"uv":[9.6875,5.875,9.1875,5.5625],"tintindex":0,"rotation":0,"texture":"#0"},"down":{"uv":[9.6875,7.625,9.1875,7.9375],"tintindex":0,"rotation":0,"texture":"#0"}}},{"from":[4.166667,4.108713,6.787429],"to":[10.166667,12.108714,9.787429],"faces":{"east":{"uv":[4.125,9.3125,4.3125,9.8125],"tintindex":0,"rotation":0,"texture":"#0"},"south":{"uv":[6.8125,9.1875,7.1875,9.6875],"tintindex":0,"rotation":0,"texture":"#0"},"north":{"uv":[6.4375,9.1875,6.8125,9.6875],"tintindex":0,"rotation":0,"texture":"#0"},"west":{"uv":[4.3125,9.3125,4.5,9.8125],"tintindex":0,"rotation":0,"texture":"#0"},"up":{"uv":[9.75,0.8125,9.375,0.625],"tintindex":0,"rotation":0,"texture":"#0"},"down":{"uv":[9.75,0.8125,9.375,1.0],"tintindex":0,"rotation":0,"texture":"#0"}},"rotation":{"origin":[11.166667,8.108713,8.287429],"angle":-22.5,"axis":"x"}}],"display":{"head":{"rotation":[0.0,0.0,0.0]},"firstperson_righthand":{"rotation":[0.0,0.0,0.0]},"thirdperson_lefthand":{"rotation":[0.0,-0.0,-0.0]},"firstperson_lefthand":{"rotation":[0.0,-0.0,-0.0]},"fixed":{"rotation":[0.0,0.0,0.0]},"ground":{"rotation":[0.0,0.0,0.0]},"thirdperson_righthand":{"rotation":[0.0,0.0,0.0]},"gui":{"rotation":[-150.0,-45.0,180.0]}}}