{"textures":{"2":"modelengine:entity/eldric_hammer","particle":"#2"},"elements":[{"from":[6.0,6.559136,-11.2086315],"to":[10.0,10.559135,-9.7086315],"faces":{"east":{"uv":[9.25,5.625,9.625,6.625],"tintindex":0,"rotation":0,"texture":"#2"},"south":{"uv":[8.25,6.625,9.25,7.625],"tintindex":0,"rotation":0,"texture":"#2"},"north":{"uv":[8.25,5.625,9.25,6.625],"tintindex":0,"rotation":0,"texture":"#2"},"west":{"uv":[6.125,9.25,6.5,10.25],"tintindex":0,"rotation":0,"texture":"#2"},"up":{"uv":[10.125,5.125,9.125,4.75],"tintindex":0,"rotation":0,"texture":"#2"},"down":{"uv":[10.25,6.625,9.25,7.0],"tintindex":0,"rotation":0,"texture":"#2"}},"rotation":{"origin":[8.0,8.559135,-10.4586315],"angle":45.0,"axis":"x"}},{"from":[5.5,12.528806,-13.514088],"to":[10.5,14.528806,-3.5140877],"faces":{"east":{"uv":[6.875,2.375,9.375,2.875],"tintindex":0,"rotation":0,"texture":"#2"},"south":{"uv":[9.0,8.125,10.25,8.625],"tintindex":0,"rotation":0,"texture":"#2"},"north":{"uv":[9.0,7.625,10.25,8.125],"tintindex":0,"rotation":0,"texture":"#2"},"west":{"uv":[7.0,5.125,9.5,5.625],"tintindex":0,"rotation":0,"texture":"#2"},"up":{"uv":[2.5,6.625,1.25,4.125],"tintindex":0,"rotation":0,"texture":"#2"},"down":{"uv":[3.75,4.125,2.5,6.625],"tintindex":0,"rotation":0,"texture":"#2"}}},{"from":[6.0,3.1752524,-12.403175],"to":[10.0,7.6752524,-10.903175],"faces":{"east":{"uv":[7.5,9.125,7.875,10.25],"tintindex":0,"rotation":0,"texture":"#2"},"south":{"uv":[7.875,0.0,8.875,1.125],"tintindex":0,"rotation":0,"texture":"#2"},"north":{"uv":[7.25,6.75,8.25,7.875],"tintindex":0,"rotation":0,"texture":"#2"},"west":{"uv":[7.875,9.125,8.25,10.25],"tintindex":0,"rotation":0,"texture":"#2"},"up":{"uv":[10.25,7.375,9.25,7.0],"tintindex":0,"rotation":0,"texture":"#2"},"down":{"uv":[10.375,0.875,9.375,1.25],"tintindex":0,"rotation":0,"texture":"#2"}}},{"from":[7.0,8.528806,-11.014088],"to":[9.0,12.528806,-6.0140877],"faces":{"east":{"uv":[6.875,1.375,8.125,2.375],"tintindex":0,"rotation":0,"texture":"#2"},"south":{"uv":[9.125,3.75,9.625,4.75],"tintindex":0,"rotation":0,"texture":"#2"},"north":{"uv":[9.0,8.625,9.5,9.625],"tintindex":0,"rotation":0,"texture":"#2"},"west":{"uv":[8.125,1.375,6.875,2.375],"tintindex":0,"rotation":0,"texture":"#2"},"up":{"uv":[7.125,9.25,6.625,8.0],"tintindex":0,"rotation":0,"texture":"#2"},"down":{"uv":[5.5,8.75,5.0,10.0],"tintindex":0,"rotation":0,"texture":"#2"}}},{"from":[3.5,-0.34619427,-6.5140877],"to":[4.0,1.6538057,-4.5140877],"faces":{"east":{"uv":[9.875,1.25,9.375,1.75],"tintindex":0,"rotation":0,"texture":"#2"},"south":{"uv":[7.125,6.125,7.0,6.625],"tintindex":0,"rotation":0,"texture":"#2"},"north":{"uv":[7.125,5.625,7.0,6.125],"tintindex":0,"rotation":0,"texture":"#2"},"west":{"uv":[7.0,9.25,6.5,9.75],"tintindex":0,"rotation":0,"texture":"#2"},"up":{"uv":[7.125,6.125,7.25,5.625],"tintindex":0,"rotation":0,"texture":"#2"},"down":{"uv":[7.125,6.125,7.25,6.625],"tintindex":0,"rotation":0,"texture":"#2"}}},{"from":[12.0,-0.34619427,-12.764088],"to":[12.5,1.6538057,-10.764088],"faces":{"east":{"uv":[9.375,2.375,9.875,2.875],"tintindex":0,"rotation":0,"texture":"#2"},"south":{"uv":[7.125,8.5,7.25,9.0],"tintindex":0,"rotation":0,"texture":"#2"},"north":{"uv":[7.125,8.0,7.25,8.5],"tintindex":0,"rotation":0,"texture":"#2"},"west":{"uv":[9.375,2.875,9.875,3.375],"tintindex":0,"rotation":0,"texture":"#2"},"up":{"uv":[5.625,9.25,5.5,8.75],"tintindex":0,"rotation":0,"texture":"#2"},"down":{"uv":[5.75,8.75,5.625,9.25],"tintindex":0,"rotation":0,"texture":"#2"}}},{"from":[6.75,6.6930194,-13.5],"to":[9.25,9.19302,15.0],"faces":{"east":{"uv":[0.0,2.875,7.125,3.5],"tintindex":0,"rotation":0,"texture":"#2"},"south":{"uv":[5.5,9.25,6.125,9.875],"tintindex":0,"rotation":0,"texture":"#2"},"north":{"uv":[8.25,9.125,8.875,9.75],"tintindex":0,"rotation":0,"texture":"#2"},"west":{"uv":[0.0,3.5,7.125,4.125],"tintindex":0,"rotation":0,"texture":"#2"},"up":{"uv":[0.625,11.25,0.0,4.125],"tintindex":0,"rotation":0,"texture":"#2"},"down":{"uv":[1.25,4.125,0.625,11.25],"tintindex":0,"rotation":0,"texture":"#2"}},"rotation":{"origin":[8.0,7.9430194,-4.75],"angle":45.0,"axis":"z"}},{"from":[6.0,6.559136,-7.319544],"to":[10.0,12.059135,-5.819544],"faces":{"east":{"uv":[2.125,9.0,2.5,10.375],"tintindex":0,"rotation":0,"texture":"#2"},"south":{"uv":[6.875,0.0,7.875,1.375],"tintindex":0,"rotation":0,"texture":"#2"},"north":{"uv":[6.25,6.625,7.25,8.0],"tintindex":0,"rotation":0,"texture":"#2"},"west":{"uv":[2.5,9.0,2.875,10.375],"tintindex":0,"rotation":0,"texture":"#2"},"up":{"uv":[9.125,2.375,8.125,2.0],"tintindex":0,"rotation":0,"texture":"#2"},"down":{"uv":[10.125,2.0,9.125,2.375],"tintindex":0,"rotation":0,"texture":"#2"}},"rotation":{"origin":[8.0,8.559135,-6.569544],"angle":-45.0,"axis":"x"}},{"from":[4.0,-1.8461943,-14.264088],"to":[12.0,3.1538057,-2.7640877],"faces":{"east":{"uv":[4.0,0.0,6.875,1.25],"tintindex":0,"rotation":0,"texture":"#2"},"south":{"uv":[3.75,5.375,5.75,6.625],"tintindex":0,"rotation":0,"texture":"#2"},"north":{"uv":[3.75,4.125,5.75,5.375],"tintindex":0,"rotation":0,"texture":"#2"},"west":{"uv":[4.0,1.25,6.875,2.5],"tintindex":0,"rotation":0,"texture":"#2"},"up":{"uv":[2.0,2.875,0.0,0.0],"tintindex":0,"rotation":0,"texture":"#2"},"down":{"uv":[4.0,0.0,2.0,2.875],"tintindex":0,"rotation":0,"texture":"#2"}}},{"from":[6.75,6.1930194,-3.5],"to":[10.25,9.693019,1.5],"faces":{"east":{"uv":[3.25,7.875,4.5,8.75],"tintindex":0,"rotation":0,"texture":"#2"},"south":{"uv":[4.125,8.75,5.0,9.625],"tintindex":0,"rotation":0,"texture":"#2"},"north":{"uv":[3.25,8.75,4.125,9.625],"tintindex":0,"rotation":0,"texture":"#2"},"west":{"uv":[4.5,7.875,5.75,8.75],"tintindex":0,"rotation":0,"texture":"#2"},"up":{"uv":[8.125,9.125,7.25,7.875],"tintindex":0,"rotation":0,"texture":"#2"},"down":{"uv":[6.625,8.0,5.75,9.25],"tintindex":0,"rotation":0,"texture":"#2"}},"rotation":{"origin":[8.0,7.4430194,7.25],"angle":45.0,"axis":"z"}},{"from":[12.0,-0.34619427,-6.5140877],"to":[12.5,1.6538057,-4.5140877],"faces":{"east":{"uv":[6.5,9.25,7.0,9.75],"tintindex":0,"rotation":0,"texture":"#2"},"south":{"uv":[7.0,6.125,7.125,6.625],"tintindex":0,"rotation":0,"texture":"#2"},"north":{"uv":[7.0,5.625,7.125,6.125],"tintindex":0,"rotation":0,"texture":"#2"},"west":{"uv":[9.375,1.25,9.875,1.75],"tintindex":0,"rotation":0,"texture":"#2"},"up":{"uv":[7.25,6.125,7.125,5.625],"tintindex":0,"rotation":0,"texture":"#2"},"down":{"uv":[7.25,6.125,7.125,6.625],"tintindex":0,"rotation":0,"texture":"#2"}}},{"from":[5.5,4.5288057,-11.014088],"to":[10.5,9.528806,-6.0140877],"faces":{"east":{"uv":[5.75,5.375,7.0,6.625],"tintindex":0,"rotation":0,"texture":"#2"},"south":{"uv":[1.25,6.625,2.5,7.875],"tintindex":0,"rotation":0,"texture":"#2"},"north":{"uv":[5.75,4.125,7.0,5.375],"tintindex":0,"rotation":0,"texture":"#2"},"west":{"uv":[2.5,6.625,3.75,7.875],"tintindex":0,"rotation":0,"texture":"#2"},"up":{"uv":[5.0,7.875,3.75,6.625],"tintindex":0,"rotation":0,"texture":"#2"},"down":{"uv":[6.25,6.625,5.0,7.875],"tintindex":0,"rotation":0,"texture":"#2"}},"rotation":{"origin":[8.0,7.0288057,-8.514088],"angle":45.0,"axis":"x"}},{"from":[8.0,5.875,20.0],"to":[8.0,10.375,24.0],"faces":{"east":{"uv":[1.25,7.875,2.25,9.0],"tintindex":0,"rotation":0,"texture":"#2"},"west":{"uv":[2.25,7.875,1.25,9.0],"tintindex":0,"rotation":0,"texture":"#2"}}},{"from":[6.75,6.1930194,15.0],"to":[10.25,9.693019,20.0],"faces":{"east":{"uv":[8.125,1.125,9.375,2.0],"tintindex":0,"rotation":0,"texture":"#2"},"south":{"uv":[1.25,9.0,2.125,9.875],"tintindex":0,"rotation":0,"texture":"#2"},"north":{"uv":[8.875,0.0,9.75,0.875],"tintindex":0,"rotation":0,"texture":"#2"},"west":{"uv":[8.125,2.875,9.375,3.75],"tintindex":0,"rotation":0,"texture":"#2"},"up":{"uv":[9.0,9.125,8.125,7.875],"tintindex":0,"rotation":0,"texture":"#2"},"down":{"uv":[9.125,3.75,8.25,5.0],"tintindex":0,"rotation":0,"texture":"#2"}},"rotation":{"origin":[8.0,7.4430194,25.75],"angle":45.0,"axis":"z"}},{"from":[6.0,3.1752524,-6.125],"to":[10.0,7.6752524,-4.625],"faces":{"east":{"uv":[2.875,9.0,3.25,10.125],"tintindex":0,"rotation":0,"texture":"#2"},"south":{"uv":[7.25,5.625,8.25,6.75],"tintindex":0,"rotation":0,"texture":"#2"},"north":{"uv":[7.125,2.875,8.125,4.0],"tintindex":0,"rotation":0,"texture":"#2"},"west":{"uv":[7.125,9.125,7.5,10.25],"tintindex":0,"rotation":0,"texture":"#2"},"up":{"uv":[5.0,2.875,4.0,2.5],"tintindex":0,"rotation":0,"texture":"#2"},"down":{"uv":[6.0,2.5,5.0,2.875],"tintindex":0,"rotation":0,"texture":"#2"}}},{"from":[3.5,-0.34619427,-12.764088],"to":[4.0,1.6538057,-10.764088],"faces":{"east":{"uv":[9.875,2.875,9.375,3.375],"tintindex":0,"rotation":0,"texture":"#2"},"south":{"uv":[7.25,8.5,7.125,9.0],"tintindex":0,"rotation":0,"texture":"#2"},"north":{"uv":[7.25,8.0,7.125,8.5],"tintindex":0,"rotation":0,"texture":"#2"},"west":{"uv":[9.875,2.375,9.375,2.875],"tintindex":0,"rotation":0,"texture":"#2"},"up":{"uv":[5.5,9.25,5.625,8.75],"tintindex":0,"rotation":0,"texture":"#2"},"down":{"uv":[5.625,8.75,5.75,9.25],"tintindex":0,"rotation":0,"texture":"#2"}}}],"display":{"head":{"rotation":[0.0,0.0,0.0]},"firstperson_righthand":{"rotation":[0.0,0.0,0.0]},"thirdperson_lefthand":{"rotation":[0.0,-0.0,-0.0]},"firstperson_lefthand":{"rotation":[0.0,-0.0,-0.0]},"fixed":{"rotation":[0.0,0.0,0.0]},"ground":{"rotation":[0.0,0.0,0.0]},"thirdperson_righthand":{"rotation":[0.0,0.0,0.0]},"gui":{"rotation":[-150.0,-45.0,180.0]}}}