{"textures":{"4":"modelengine:entity/eldric_hammer_fx","particle":"#4"},"elements":[{"from":[0.0,4.817402,-8.0],"to":[16.0,11.182598,-8.0],"faces":{"south":{"uv":[4.0,1.5,8.0,3.0],"tintindex":0,"rotation":0,"texture":"#4"},"north":{"uv":[4.0,1.5,8.0,3.0],"tintindex":0,"rotation":0,"texture":"#4"}}},{"from":[0.0,24.0,4.817402],"to":[16.0,24.0,11.182598],"faces":{"up":{"uv":[16.0,7.5,12.0,6.0],"tintindex":0,"rotation":0,"texture":"#4"},"down":{"uv":[16.0,6.0,12.0,7.5],"tintindex":0,"rotation":0,"texture":"#4"}},"rotation":{"origin":[8.0,8.0,8.0],"angle":22.5,"axis":"x"}},{"from":[0.0,4.817402,-8.0],"to":[16.0,11.182598,-8.0],"faces":{"south":{"uv":[0.0,4.5,4.0,6.0],"tintindex":0,"rotation":0,"texture":"#4"},"north":{"uv":[0.0,4.5,4.0,6.0],"tintindex":0,"rotation":0,"texture":"#4"}},"rotation":{"origin":[8.0,8.0,8.0],"angle":22.5,"axis":"x"}},{"from":[0.0,4.817402,-8.0],"to":[16.0,11.182598,-8.0],"faces":{"south":{"uv":[0.0,3.0,4.0,4.5],"tintindex":0,"rotation":0,"texture":"#4"},"north":{"uv":[0.0,3.0,4.0,4.5],"tintindex":0,"rotation":0,"texture":"#4"}},"rotation":{"origin":[8.0,8.0,8.0],"angle":-22.5,"axis":"x"}},{"from":[0.0,4.817402,-8.0],"to":[16.0,11.182598,-8.0],"faces":{"south":{"uv":[0.0,6.0,4.0,7.5],"tintindex":0,"rotation":0,"texture":"#4"},"north":{"uv":[0.0,6.0,4.0,7.5],"tintindex":0,"rotation":0,"texture":"#4"}},"rotation":{"origin":[8.0,8.0,8.0],"angle":45.0,"axis":"x"}},{"from":[0.0,24.0,4.817402],"to":[16.0,24.0,11.182598],"faces":{"up":{"uv":[16.0,3.0,12.0,1.5],"tintindex":0,"rotation":0,"texture":"#4"},"down":{"uv":[16.0,1.5,12.0,3.0],"tintindex":0,"rotation":0,"texture":"#4"}},"rotation":{"origin":[8.0,8.0,8.0],"angle":-22.5,"axis":"x"}},{"from":[0.0,24.0,4.817402],"to":[16.0,24.0,11.182598],"faces":{"up":{"uv":[8.0,13.5,4.0,12.0],"tintindex":0,"rotation":0,"texture":"#4"},"down":{"uv":[8.0,12.0,4.0,13.5],"tintindex":0,"rotation":0,"texture":"#4"}}}],"display":{"head":{"rotation":[0.0,0.0,0.0]},"firstperson_righthand":{"rotation":[0.0,0.0,0.0]},"thirdperson_lefthand":{"rotation":[0.0,-0.0,-0.0]},"firstperson_lefthand":{"rotation":[0.0,-0.0,-0.0]},"fixed":{"rotation":[0.0,0.0,0.0]},"ground":{"rotation":[0.0,0.0,0.0]},"thirdperson_righthand":{"rotation":[0.0,0.0,0.0]},"gui":{"rotation":[-150.0,-45.0,180.0]}}}