{"textures":{"0":"modelengine:entity/eldric_body","particle":"#0"},"elements":[{"from":[2.0,2.0,0.0],"to":[14.0,8.0,9.0],"faces":{"east":{"uv":[9.5625,6.5,9.0,6.875],"tintindex":0,"rotation":0,"texture":"#0"},"south":{"uv":[8.75,8.625,9.5,9.0],"tintindex":0,"rotation":0,"texture":"#0"},"north":{"uv":[8.4375,5.5625,9.1875,5.9375],"tintindex":0,"rotation":0,"texture":"#0"},"west":{"uv":[9.0,6.5,9.5625,6.875],"tintindex":0,"rotation":0,"texture":"#0"},"up":{"uv":[8.5625,8.625,7.8125,8.0625],"tintindex":0,"rotation":0,"texture":"#0"},"down":{"uv":[8.875,4.375,8.125,4.9375],"tintindex":0,"rotation":0,"texture":"#0"}}},{"from":[6.0,8.0,0.0],"to":[8.0,10.0,1.0],"faces":{"east":{"uv":[1.875,3.5,1.9375,3.625],"tintindex":0,"rotation":0,"texture":"#0"},"south":{"uv":[2.5625,7.9375,2.6875,8.0625],"tintindex":0,"rotation":0,"texture":"#0"},"north":{"uv":[6.6875,7.4375,6.8125,7.5625],"tintindex":0,"rotation":0,"texture":"#0"},"west":{"uv":[1.875,3.625,1.9375,3.75],"tintindex":0,"rotation":0,"texture":"#0"},"up":{"uv":[5.75,4.5625,5.625,4.5],"tintindex":0,"rotation":0,"texture":"#0"},"down":{"uv":[5.875,4.5,5.75,4.5625],"tintindex":0,"rotation":0,"texture":"#0"}}},{"from":[11.0,8.0,0.0],"to":[14.0,10.0,2.0],"faces":{"east":{"uv":[5.0625,8.25,5.1875,8.375],"tintindex":0,"rotation":0,"texture":"#0"},"south":{"uv":[0.1875,9.5,0.375,9.625],"tintindex":0,"rotation":0,"texture":"#0"},"north":{"uv":[0.0,9.5,0.1875,9.625],"tintindex":0,"rotation":0,"texture":"#0"},"west":{"uv":[1.8125,8.5,1.9375,8.625],"tintindex":0,"rotation":0,"texture":"#0"},"up":{"uv":[9.6875,1.875,9.5,1.75],"tintindex":0,"rotation":0,"texture":"#0"},"down":{"uv":[9.6875,1.875,9.5,2.0],"tintindex":0,"rotation":0,"texture":"#0"}}},{"from":[5.0,1.228363,-1.1480503],"to":[10.0,7.228363,-1.1480503],"faces":{"south":{"uv":[1.5,8.3125,1.8125,8.6875],"tintindex":0,"rotation":0,"texture":"#0"},"north":{"uv":[8.25,7.625,8.5625,8.0],"tintindex":0,"rotation":0,"texture":"#0"}},"rotation":{"origin":[11.5,4.228363,-1.1480503],"angle":22.5,"axis":"x"}},{"from":[-2.0,-1.0,0.0],"to":[17.0,10.0,0.0],"faces":{"south":{"uv":[9.75,0.0,10.9375,0.6875],"tintindex":0,"rotation":0,"texture":"#0"},"north":{"uv":[9.75,0.0,10.9375,0.6875],"tintindex":0,"rotation":0,"texture":"#0"}},"rotation":{"origin":[3.5,3.5,-2.0],"angle":45.0,"axis":"x"}},{"from":[6.0,8.0,2.0],"to":[10.0,9.0,9.0],"faces":{"east":{"uv":[3.875,3.3125,4.3125,3.375],"tintindex":0,"rotation":0,"texture":"#0"},"south":{"uv":[5.375,4.5,5.625,4.5625],"tintindex":0,"rotation":0,"texture":"#0"},"north":{"uv":[4.75,3.3125,5.0,3.375],"tintindex":0,"rotation":0,"texture":"#0"},"west":{"uv":[4.3125,3.3125,4.75,3.375],"tintindex":0,"rotation":0,"texture":"#0"},"up":{"uv":[1.9375,9.75,1.6875,9.3125],"tintindex":0,"rotation":0,"texture":"#0"},"down":{"uv":[2.1875,9.3125,1.9375,9.75],"tintindex":0,"rotation":0,"texture":"#0"}}},{"from":[2.0,8.0,0.0],"to":[5.0,13.0,2.0],"faces":{"east":{"uv":[2.6875,7.0625,2.8125,7.375],"tintindex":0,"rotation":0,"texture":"#0"},"south":{"uv":[0.8125,9.4375,1.0,9.75],"tintindex":0,"rotation":0,"texture":"#0"},"north":{"uv":[9.25,9.375,9.4375,9.6875],"tintindex":0,"rotation":0,"texture":"#0"},"west":{"uv":[6.6875,7.125,6.8125,7.4375],"tintindex":0,"rotation":0,"texture":"#0"},"up":{"uv":[9.625,8.4375,9.4375,8.3125],"tintindex":0,"rotation":0,"texture":"#0"},"down":{"uv":[9.625,9.375,9.4375,9.5],"tintindex":0,"rotation":0,"texture":"#0"}}}],"display":{"head":{"rotation":[0.0,0.0,0.0]},"firstperson_righthand":{"rotation":[0.0,0.0,0.0]},"thirdperson_lefthand":{"rotation":[0.0,-0.0,-0.0]},"firstperson_lefthand":{"rotation":[0.0,-0.0,-0.0]},"fixed":{"rotation":[0.0,0.0,0.0]},"ground":{"rotation":[0.0,0.0,0.0]},"thirdperson_righthand":{"rotation":[0.0,0.0,0.0]},"gui":{"rotation":[-150.0,-45.0,180.0]}}}