{"textures":{"0":"modelengine:entity/eldric_body","particle":"#0"},"elements":[{"from":[2.0,-8.0,3.0],"to":[9.0,-6.0,12.0],"faces":{"east":{"uv":[7.125,3.875,6.5625,4.0],"tintindex":0,"rotation":0,"texture":"#0"},"south":{"uv":[5.3125,9.4375,4.875,9.5625],"tintindex":0,"rotation":0,"texture":"#0"},"north":{"uv":[4.0,6.375,3.5625,6.5],"tintindex":0,"rotation":0,"texture":"#0"},"west":{"uv":[7.0625,2.125,6.5,2.25],"tintindex":0,"rotation":0,"texture":"#0"},"up":{"uv":[8.9375,6.5,9.375,5.9375],"tintindex":0,"rotation":0,"texture":"#0"},"down":{"uv":[3.0,9.0,3.4375,9.5625],"tintindex":0,"rotation":0,"texture":"#0"}}},{"from":[1.0,-6.0,3.0],"to":[10.0,9.0,13.0],"faces":{"east":{"uv":[7.9375,2.875,7.3125,3.8125],"tintindex":0,"rotation":0,"texture":"#0"},"south":{"uv":[7.8125,7.5625,7.25,8.5],"tintindex":0,"rotation":0,"texture":"#0"},"north":{"uv":[7.25,7.5625,6.6875,8.5],"tintindex":0,"rotation":0,"texture":"#0"},"west":{"uv":[7.875,0.75,7.25,1.6875],"tintindex":0,"rotation":0,"texture":"#0"},"up":{"uv":[8.4375,5.5625,9.0,4.9375],"tintindex":0,"rotation":0,"texture":"#0"},"down":{"uv":[8.5,1.75,9.0625,2.375],"tintindex":0,"rotation":0,"texture":"#0"}}}],"display":{"head":{"rotation":[0.0,0.0,0.0]},"firstperson_righthand":{"rotation":[0.0,0.0,0.0]},"thirdperson_lefthand":{"rotation":[0.0,-0.0,-0.0]},"firstperson_lefthand":{"rotation":[0.0,-0.0,-0.0]},"fixed":{"rotation":[0.0,0.0,0.0]},"ground":{"rotation":[0.0,0.0,0.0]},"thirdperson_righthand":{"rotation":[0.0,0.0,0.0]},"gui":{"rotation":[-150.0,-45.0,180.0]}}}