{"textures":{"0":"modelengine:entity/eldric_body","particle":"#0"},"elements":[{"from":[6.0,-6.0,3.0],"to":[15.0,9.0,13.0],"faces":{"east":{"uv":[7.25,0.75,7.875,1.6875],"tintindex":0,"rotation":0,"texture":"#0"},"south":{"uv":[7.25,7.5625,7.8125,8.5],"tintindex":0,"rotation":0,"texture":"#0"},"north":{"uv":[6.6875,7.5625,7.25,8.5],"tintindex":0,"rotation":0,"texture":"#0"},"west":{"uv":[7.3125,2.875,7.9375,3.8125],"tintindex":0,"rotation":0,"texture":"#0"},"up":{"uv":[9.0,5.5625,8.4375,4.9375],"tintindex":0,"rotation":0,"texture":"#0"},"down":{"uv":[9.0625,1.75,8.5,2.375],"tintindex":0,"rotation":0,"texture":"#0"}}},{"from":[7.0,-8.0,3.0],"to":[14.0,-6.0,12.0],"faces":{"east":{"uv":[6.5,2.125,7.0625,2.25],"tintindex":0,"rotation":0,"texture":"#0"},"south":{"uv":[4.875,9.4375,5.3125,9.5625],"tintindex":0,"rotation":0,"texture":"#0"},"north":{"uv":[3.5625,6.375,4.0,6.5],"tintindex":0,"rotation":0,"texture":"#0"},"west":{"uv":[6.5625,3.875,7.125,4.0],"tintindex":0,"rotation":0,"texture":"#0"},"up":{"uv":[9.375,6.5,8.9375,5.9375],"tintindex":0,"rotation":0,"texture":"#0"},"down":{"uv":[3.4375,9.0,3.0,9.5625],"tintindex":0,"rotation":0,"texture":"#0"}}}],"display":{"head":{"rotation":[0.0,0.0,0.0]},"firstperson_righthand":{"rotation":[0.0,0.0,0.0]},"thirdperson_lefthand":{"rotation":[0.0,-0.0,-0.0]},"firstperson_lefthand":{"rotation":[0.0,-0.0,-0.0]},"fixed":{"rotation":[0.0,0.0,0.0]},"ground":{"rotation":[0.0,0.0,0.0]},"thirdperson_righthand":{"rotation":[0.0,0.0,0.0]},"gui":{"rotation":[-150.0,-45.0,180.0]}}}