{
	"credit": "Made with Blockbench",
	"texture_size": [128, 128],
	"textures": {
		"1": "modelengine:entity/owlbear_cub"
	},
	"elements": [
		{
			"from": [7, 5.5, 7],
			"to": [13, 12.5, 11],
			"rotation": {"angle": -22.5, "axis": "y", "origin": [10, 9, 9]},
			"faces": {
				"north": {"uv": [6.625, 0, 7.375, 0.875], "texture": "#1"},
				"east": {"uv": [7.625, 2.25, 8.125, 3.125], "texture": "#1"},
				"south": {"uv": [6.75, 0.875, 7.5, 1.75], "texture": "#1"},
				"west": {"uv": [7.625, 3.125, 8.125, 4], "texture": "#1"},
				"up": {"uv": [8.375, 5.625, 7.625, 5.125], "texture": "#1"},
				"down": {"uv": [2.25, 7.75, 1.5, 8.25], "texture": "#1"}
			}
		},
		{
			"from": [7, 3.5, 7],
			"to": [15, 12.5, 7],
			"rotation": {"angle": -22.5, "axis": "y", "origin": [10, 9, 9]},
			"faces": {
				"north": {"uv": [5.375, 4.625, 6.375, 5.75], "texture": "#1"},
				"east": {"uv": [0, 0, 0, 1.125], "texture": "#1"},
				"south": {"uv": [0, 5.5, 1, 6.625], "texture": "#1"},
				"west": {"uv": [0, 0, 0, 1.125], "texture": "#1"},
				"up": {"uv": [1, 0, 0, 0], "texture": "#1"},
				"down": {"uv": [1, 0, 0, 0], "texture": "#1"}
			}
		},
		{
			"from": [1, 3.5, 7],
			"to": [9, 12.5, 7],
			"rotation": {"angle": 22.5, "axis": "y", "origin": [6, 9, 9]},
			"faces": {
				"north": {"uv": [5.5, 3.375, 6.5, 4.5], "texture": "#1"},
				"east": {"uv": [0, 0, 0, 1.125], "texture": "#1"},
				"south": {"uv": [5.625, 0, 6.625, 1.125], "texture": "#1"},
				"west": {"uv": [0, 0, 0, 1.125], "texture": "#1"},
				"up": {"uv": [1, 0, 0, 0], "texture": "#1"},
				"down": {"uv": [1, 0, 0, 0], "texture": "#1"}
			}
		},
		{
			"from": [3, 5.5, 7],
			"to": [9, 12.5, 11],
			"rotation": {"angle": 22.5, "axis": "y", "origin": [6, 9, 9]},
			"faces": {
				"north": {"uv": [3.375, 6.75, 4.125, 7.625], "texture": "#1"},
				"east": {"uv": [3.375, 7.625, 3.875, 8.5], "texture": "#1"},
				"south": {"uv": [0.625, 6.875, 1.375, 7.75], "texture": "#1"},
				"west": {"uv": [0, 7.75, 0.5, 8.625], "texture": "#1"},
				"up": {"uv": [8.5, 6.125, 7.75, 5.625], "texture": "#1"},
				"down": {"uv": [8.5, 6.125, 7.75, 6.625], "texture": "#1"}
			}
		},
		{
			"from": [6.99373, 6.5, 5.00419],
			"to": [8.99373, 9.5, 7.00419],
			"rotation": {"angle": 0, "axis": "y", "origin": [9.99373, 9, 8.00419]},
			"faces": {
				"north": {"uv": [1.25, 3.5, 1.5, 3.875], "texture": "#1"},
				"east": {"uv": [1, 5.5, 1.25, 5.875], "texture": "#1"},
				"south": {"uv": [5.125, 6, 5.375, 6.375], "texture": "#1"},
				"west": {"uv": [6.25, 6.5, 6.5, 6.875], "texture": "#1"},
				"up": {"uv": [6, 3.375, 5.75, 3.125], "texture": "#1"},
				"down": {"uv": [3.625, 5.75, 3.375, 6], "texture": "#1"}
			}
		},
		{
			"from": [3.49373, 5.5, 8.00419],
			"to": [12.49373, 12.5, 14.00419],
			"rotation": {"angle": 0, "axis": "y", "origin": [6.49373, 5.5, 15.00419]},
			"faces": {
				"north": {"uv": [4.5, 1.375, 5.625, 2.25], "texture": "#1"},
				"east": {"uv": [1.375, 6.875, 2.125, 7.75], "texture": "#1"},
				"south": {"uv": [5.625, 1.125, 6.75, 2], "texture": "#1"},
				"west": {"uv": [2.125, 6.875, 2.875, 7.75], "texture": "#1"},
				"up": {"uv": [6.5, 6.5, 5.375, 5.75], "texture": "#1"},
				"down": {"uv": [4.5, 6, 3.375, 6.75], "texture": "#1"}
			}
		},
		{
			"from": [2.49373, 12.6, 6.00419],
			"to": [13.49373, 12.6, 14.00419],
			"rotation": {"angle": 0, "axis": "y", "origin": [6.49373, 5.5, 15.00419]},
			"faces": {
				"north": {"uv": [0, 0, 1.375, 0], "texture": "#1"},
				"east": {"uv": [0, 0, 1, 0], "texture": "#1"},
				"south": {"uv": [0, 0, 1.375, 0], "texture": "#1"},
				"west": {"uv": [0, 0, 1, 0], "texture": "#1"},
				"up": {"uv": [4.125, 5.75, 2.75, 4.75], "texture": "#1"},
				"down": {"uv": [2.625, 5.125, 1.25, 6.125], "texture": "#1"}
			}
		},
		{
			"from": [3.49373, 13.64713, 7.77621],
			"to": [12.49373, 13.64713, 13.77621],
			"rotation": {"angle": -22.5, "axis": "x", "origin": [7.99373, 13.64713, 10.77621]},
			"faces": {
				"north": {"uv": [0, 0, 1.125, 0], "texture": "#1"},
				"east": {"uv": [0, 0, 0.75, 0], "texture": "#1"},
				"south": {"uv": [0, 0, 1.125, 0], "texture": "#1"},
				"west": {"uv": [0, 0, 0.75, 0], "texture": "#1"},
				"up": {"uv": [2.125, 6.875, 1, 6.125], "texture": "#1"},
				"down": {"uv": [7.5, 4.5, 6.375, 5.25], "texture": "#1"}
			}
		},
		{
			"from": [6.49373, 4.5, 6.00419],
			"to": [9.49373, 8.5, 12.00419],
			"rotation": {"angle": 0, "axis": "y", "origin": [6.49373, 5.5, 13.00419]},
			"faces": {
				"north": {"uv": [7.375, 8.125, 7.75, 8.625], "texture": "#1"},
				"east": {"uv": [5.375, 7.875, 6.125, 8.375], "texture": "#1"},
				"south": {"uv": [8.25, 1.75, 8.625, 2.25], "texture": "#1"},
				"west": {"uv": [7.875, 6.625, 8.625, 7.125], "texture": "#1"},
				"up": {"uv": [8.5, 1.375, 8.125, 0.625], "texture": "#1"},
				"down": {"uv": [8.5, 2.25, 8.125, 3], "texture": "#1"}
			}
		},
		{
			"from": [8.0894, 10.5, 5.92322],
			"to": [17.0894, 15.5, 5.92322],
			"rotation": {"angle": -22.5, "axis": "y", "origin": [8.0894, 10.5, 5.77322]},
			"faces": {
				"north": {"uv": [6.5, 3.125, 7.625, 3.75], "texture": "#1"},
				"east": {"uv": [0, 0, 0, 0.625], "texture": "#1"},
				"south": {"uv": [6.5, 3.75, 7.625, 4.375], "texture": "#1"},
				"west": {"uv": [0, 0, 0, 0.625], "texture": "#1"},
				"up": {"uv": [1.125, 0, 0, 0], "texture": "#1"},
				"down": {"uv": [1.125, 0, 0, 0], "texture": "#1"}
			}
		},
		{
			"from": [-1.0894, 10.5, 5.92322],
			"to": [7.9106, 15.5, 5.92322],
			"rotation": {"angle": 22.5, "axis": "y", "origin": [7.9106, 10.5, 5.77322]},
			"faces": {
				"north": {"uv": [5.125, 6.5, 6.25, 7.125], "texture": "#1"},
				"east": {"uv": [0, 0, 0, 0.625], "texture": "#1"},
				"south": {"uv": [6.5, 5.25, 7.625, 5.875], "texture": "#1"},
				"west": {"uv": [0, 0, 0, 0.625], "texture": "#1"},
				"up": {"uv": [1.125, 0, 0, 0], "texture": "#1"},
				"down": {"uv": [1.125, 0, 0, 0], "texture": "#1"}
			}
		}
	],
	"gui_light": "front",
	"display": {
		"gui": {
			"rotation": [30, 180, 0],
			"translation": [0, -2, 0],
			"scale": [0.9, 0.9, 0.9]
		}
	},
	"groups": [
		{
			"name": "hi_head",
			"origin": [7.99373, 12.5, -1.99581],
			"color": 0,
			"children": [
				0,
				1,
				2,
				3,
				4,
				5,
				6,
				7,
				8,
				{
					"name": "right_eyebrow",
					"origin": [8.0894, 14.5, -8.22678],
					"color": 0,
					"children": [9]
				},
				{
					"name": "left_eyebrow",
					"origin": [7.9106, 14.5, -8.22678],
					"color": 0,
					"children": [10]
				}
			]
		}
	]
}